Date and Time (UTC),Receiver,Transmitter,Transmitter Name,Transmitter Serial,Sensor Value,Sensor Unit,Station Name,Latitude,Longitude
7/18/2010 9:53,VR2W-110762,A69-1303-59964,,,,,JWS_SanClemente,33.41768,-117.62375
7/18/2010 9:57,VR2W-110762,A69-1303-59964,,,,,JWS_SanClemente,33.41768,-117.62375
8/4/2010 19:54,VR2W-110762,A69-1303-59964,,,,,JWS_SanClemente,33.41768,-117.62375
8/20/2010 11:01,VR2W-110764,A69-1303-46863,,,,,JWS_Santa_Monica_Pier,34.00716,-118.49899
8/23/2010 13:23,VR2W-110764,A69-1303-46862,,,,,JWS_Santa_Monica_Pier,34.00716,-118.49899
8/23/2010 13:26,VR2W-110764,A69-1303-46862,,,,,JWS_Santa_Monica_Pier,34.00716,-118.49899
8/27/2010 18:28,VR2W-110764,A69-1303-46862,,,,,JWS_Santa_Monica_Pier,34.00716,-118.49899
8/28/2010 19:22,VR2W-110762,A69-1303-59962,,,,,JWS_SanClemente,33.41768,-117.62375
8/28/2010 19:30,VR2W-110762,A69-1303-59962,,,,,JWS_SanClemente,33.41768,-117.62375
8/28/2010 19:35,VR2W-110762,A69-1303-59962,,,,,JWS_SanClemente,33.41768,-117.62375
9/9/2010 15:48,VR2W-110764,A69-1303-46862,,,,,JWS_Santa_Monica_Pier,34.00716,-118.49899
9/9/2010 15:50,VR2W-110764,A69-1303-46862,,,,,JWS_Santa_Monica_Pier,34.00716,-118.49899
9/9/2010 15:52,VR2W-110764,A69-1303-46862,,,,,JWS_Santa_Monica_Pier,34.00716,-118.49899
9/9/2010 15:53,VR2W-110764,A69-1303-46862,,,,,JWS_Santa_Monica_Pier,34.00716,-118.49899
9/9/2010 15:56,VR2W-110764,A69-1303-46862,,,,,JWS_Santa_Monica_Pier,34.00716,-118.49899
9/11/2010 18:11,VR2W-110762,A69-1303-59086,,,,,JWS_SanClemente,33.41768,-117.62375
9/11/2010 18:13,VR2W-110762,A69-1303-59086,,,,,JWS_SanClemente,33.41768,-117.62375
9/11/2010 18:15,VR2W-110762,A69-1303-59086,,,,,JWS_SanClemente,33.41768,-117.62375
9/11/2010 22:25,VR2W-110770,A69-1303-46863,,,,,JWS_Will_Rogers2,34.03679,-118.54838
9/11/2010 22:41,VR2W-110770,A69-1303-46863,,,,,JWS_Will_Rogers2,34.03679,-118.54838
9/11/2010 22:48,VR2W-110770,A69-1303-46863,,,,,JWS_Will_Rogers2,34.03679,-118.54838
9/11/2010 22:54,VR2W-110770,A69-1303-46863,,,,,JWS_Will_Rogers2,34.03679,-118.54838
9/11/2010 22:57,VR2W-110770,A69-1303-46863,,,,,JWS_Will_Rogers2,34.03679,-118.54838
9/11/2010 23:00,VR2W-110770,A69-1303-46863,,,,,JWS_Will_Rogers2,34.03679,-118.54838
9/11/2010 23:02,VR2W-110770,A69-1303-46863,,,,,JWS_Will_Rogers2,34.03679,-118.54838
9/11/2010 23:03,VR2W-110770,A69-1303-46863,,,,,JWS_Will_Rogers2,34.03679,-118.54838
9/11/2010 23:05,VR2W-110770,A69-1303-46863,,,,,JWS_Will_Rogers2,34.03679,-118.54838
9/11/2010 23:07,VR2W-110770,A69-1303-46863,,,,,JWS_Will_Rogers2,34.03679,-118.54838
9/11/2010 23:08,VR2W-110770,A69-1303-46863,,,,,JWS_Will_Rogers2,34.03679,-118.54838
9/11/2010 23:10,VR2W-110770,A69-1303-46863,,,,,JWS_Will_Rogers2,34.03679,-118.54838
9/11/2010 23:12,VR2W-110770,A69-1303-46863,,,,,JWS_Will_Rogers2,34.03679,-118.54838
9/11/2010 23:14,VR2W-110770,A69-1303-46863,,,,,JWS_Will_Rogers2,34.03679,-118.54838
9/11/2010 23:17,VR2W-110770,A69-1303-46863,,,,,JWS_Will_Rogers2,34.03679,-118.54838
9/11/2010 23:19,VR2W-110770,A69-1303-46863,,,,,JWS_Will_Rogers2,34.03679,-118.54838
9/11/2010 23:22,VR2W-110770,A69-1303-46863,,,,,JWS_Will_Rogers2,34.03679,-118.54838
9/11/2010 23:25,VR2W-110770,A69-1303-46863,,,,,JWS_Will_Rogers2,34.03679,-118.54838
9/11/2010 23:27,VR2W-110770,A69-1303-46863,,,,,JWS_Will_Rogers2,34.03679,-118.54838
9/11/2010 23:29,VR2W-110770,A69-1303-46863,,,,,JWS_Will_Rogers2,34.03679,-118.54838
9/11/2010 23:32,VR2W-110770,A69-1303-46863,,,,,JWS_Will_Rogers2,34.03679,-118.54838
9/11/2010 23:34,VR2W-110770,A69-1303-46863,,,,,JWS_Will_Rogers2,34.03679,-118.54838
9/11/2010 23:37,VR2W-110770,A69-1303-46863,,,,,JWS_Will_Rogers2,34.03679,-118.54838
9/11/2010 23:38,VR2W-110770,A69-1303-46863,,,,,JWS_Will_Rogers2,34.03679,-118.54838
9/11/2010 23:39,VR2W-110770,A69-1303-46863,,,,,JWS_Will_Rogers2,34.03679,-118.54838
9/11/2010 23:41,VR2W-110770,A69-1303-46863,,,,,JWS_Will_Rogers2,34.03679,-118.54838
9/11/2010 23:43,VR2W-110770,A69-1303-46863,,,,,JWS_Will_Rogers2,34.03679,-118.54838
9/11/2010 23:45,VR2W-110770,A69-1303-46863,,,,,JWS_Will_Rogers2,34.03679,-118.54838
9/11/2010 23:48,VR2W-110770,A69-1303-46863,,,,,JWS_Will_Rogers2,34.03679,-118.54838
9/11/2010 23:53,VR2W-110770,A69-1303-46863,,,,,JWS_Will_Rogers2,34.03679,-118.54838
9/12/2010 0:01,VR2W-110770,A69-1303-46863,,,,,JWS_Will_Rogers2,34.03679,-118.54838
9/12/2010 0:08,VR2W-110770,A69-1303-46863,,,,,JWS_Will_Rogers2,34.03679,-118.54838
9/12/2010 0:27,VR2W-110770,A69-1303-46863,,,,,JWS_Will_Rogers2,34.03679,-118.54838
9/12/2010 2:43,VR2W-110770,A69-1303-46863,,,,,JWS_Will_Rogers2,34.03679,-118.54838
9/12/2010 2:46,VR2W-110770,A69-1303-46863,,,,,JWS_Will_Rogers2,34.03679,-118.54838
9/12/2010 2:56,VR2W-110770,A69-1303-46863,,,,,JWS_Will_Rogers2,34.03679,-118.54838
9/12/2010 2:58,VR2W-110770,A69-1303-46863,,,,,JWS_Will_Rogers2,34.03679,-118.54838
9/12/2010 2:59,VR2W-110770,A69-1303-46863,,,,,JWS_Will_Rogers2,34.03679,-118.54838
9/12/2010 3:03,VR2W-110770,A69-1303-46863,,,,,JWS_Will_Rogers2,34.03679,-118.54838
9/12/2010 3:07,VR2W-110770,A69-1303-46863,,,,,JWS_Will_Rogers2,34.03679,-118.54838
9/12/2010 3:08,VR2W-110770,A69-1303-46863,,,,,JWS_Will_Rogers2,34.03679,-118.54838
9/12/2010 3:12,VR2W-110770,A69-1303-46863,,,,,JWS_Will_Rogers2,34.03679,-118.54838
9/12/2010 3:14,VR2W-110770,A69-1303-46863,,,,,JWS_Will_Rogers2,34.03679,-118.54838
9/12/2010 3:17,VR2W-110770,A69-1303-46863,,,,,JWS_Will_Rogers2,34.03679,-118.54838
9/12/2010 3:27,VR2W-110770,A69-1303-46863,,,,,JWS_Will_Rogers2,34.03679,-118.54838
9/12/2010 3:28,VR2W-110770,A69-1303-46863,,,,,JWS_Will_Rogers2,34.03679,-118.54838
9/12/2010 4:16,VR2W-110771,A69-1303-46863,,,,,JWS_Will_Rogers1,34.03082,-118.54152
9/12/2010 4:19,VR2W-110771,A69-1303-46863,,,,,JWS_Will_Rogers1,34.03082,-118.54152
9/12/2010 4:20,VR2W-110771,A69-1303-46863,,,,,JWS_Will_Rogers1,34.03082,-118.54152
9/12/2010 4:23,VR2W-110771,A69-1303-46863,,,,,JWS_Will_Rogers1,34.03082,-118.54152
9/12/2010 4:25,VR2W-110771,A69-1303-46863,,,,,JWS_Will_Rogers1,34.03082,-118.54152
9/12/2010 5:04,VR2W-110770,A69-1303-46863,,,,,JWS_Will_Rogers2,34.03679,-118.54838
9/12/2010 5:06,VR2W-110770,A69-1303-46863,,,,,JWS_Will_Rogers2,34.03679,-118.54838
9/12/2010 5:07,VR2W-110770,A69-1303-46863,,,,,JWS_Will_Rogers2,34.03679,-118.54838
9/12/2010 5:10,VR2W-110770,A69-1303-46863,,,,,JWS_Will_Rogers2,34.03679,-118.54838
9/12/2010 5:12,VR2W-110770,A69-1303-46863,,,,,JWS_Will_Rogers2,34.03679,-118.54838
9/12/2010 5:14,VR2W-110770,A69-1303-46863,,,,,JWS_Will_Rogers2,34.03679,-118.54838
9/12/2010 5:15,VR2W-110770,A69-1303-46863,,,,,JWS_Will_Rogers2,34.03679,-118.54838
9/12/2010 5:17,VR2W-110770,A69-1303-46863,,,,,JWS_Will_Rogers2,34.03679,-118.54838
9/12/2010 5:20,VR2W-110770,A69-1303-46863,,,,,JWS_Will_Rogers2,34.03679,-118.54838
9/12/2010 5:23,VR2W-110770,A69-1303-46863,,,,,JWS_Will_Rogers2,34.03679,-118.54838
9/12/2010 5:25,VR2W-110770,A69-1303-46863,,,,,JWS_Will_Rogers2,34.03679,-118.54838
9/12/2010 5:26,VR2W-110770,A69-1303-46863,,,,,JWS_Will_Rogers2,34.03679,-118.54838
9/12/2010 5:27,VR2W-110770,A69-1303-46863,,,,,JWS_Will_Rogers2,34.03679,-118.54838
9/12/2010 5:29,VR2W-110770,A69-1303-46863,,,,,JWS_Will_Rogers2,34.03679,-118.54838
9/12/2010 5:30,VR2W-110770,A69-1303-46863,,,,,JWS_Will_Rogers2,34.03679,-118.54838
9/12/2010 5:49,VR2W-110770,A69-1303-46863,,,,,JWS_Will_Rogers2,34.03679,-118.54838
9/12/2010 6:00,VR2W-110770,A69-1303-46863,,,,,JWS_Will_Rogers2,34.03679,-118.54838
9/12/2010 6:09,VR2W-110770,A69-1303-46863,,,,,JWS_Will_Rogers2,34.03679,-118.54838
9/12/2010 6:11,VR2W-110770,A69-1303-46863,,,,,JWS_Will_Rogers2,34.03679,-118.54838
9/12/2010 6:14,VR2W-110770,A69-1303-46863,,,,,JWS_Will_Rogers2,34.03679,-118.54838
9/12/2010 6:16,VR2W-110770,A69-1303-46863,,,,,JWS_Will_Rogers2,34.03679,-118.54838
9/12/2010 6:18,VR2W-110770,A69-1303-46863,,,,,JWS_Will_Rogers2,34.03679,-118.54838
9/12/2010 6:21,VR2W-110770,A69-1303-46863,,,,,JWS_Will_Rogers2,34.03679,-118.54838
9/12/2010 6:24,VR2W-110770,A69-1303-46863,,,,,JWS_Will_Rogers2,34.03679,-118.54838
9/12/2010 6:28,VR2W-110770,A69-1303-46862,,,,,JWS_Will_Rogers2,34.03679,-118.54838
9/12/2010 6:28,VR2W-110770,A69-1303-46863,,,,,JWS_Will_Rogers2,34.03679,-118.54838
9/12/2010 6:30,VR2W-110770,A69-1303-46862,,,,,JWS_Will_Rogers2,34.03679,-118.54838
9/12/2010 7:05,VR2W-110771,A69-1303-46863,,,,,JWS_Will_Rogers1,34.03082,-118.54152
9/12/2010 7:07,VR2W-110771,A69-1303-46863,,,,,JWS_Will_Rogers1,34.03082,-118.54152
9/12/2010 7:09,VR2W-110771,A69-1303-46863,,,,,JWS_Will_Rogers1,34.03082,-118.54152
9/12/2010 7:15,VR2W-110771,A69-1303-46863,,,,,JWS_Will_Rogers1,34.03082,-118.54152
9/12/2010 7:17,VR2W-110771,A69-1303-46863,,,,,JWS_Will_Rogers1,34.03082,-118.54152
9/12/2010 7:20,VR2W-110771,A69-1303-46863,,,,,JWS_Will_Rogers1,34.03082,-118.54152
9/12/2010 7:23,VR2W-110771,A69-1303-46863,,,,,JWS_Will_Rogers1,34.03082,-118.54152
9/12/2010 7:25,VR2W-110771,A69-1303-46863,,,,,JWS_Will_Rogers1,34.03082,-118.54152
9/12/2010 7:28,VR2W-110771,A69-1303-46863,,,,,JWS_Will_Rogers1,34.03082,-118.54152
9/12/2010 7:29,VR2W-110771,A69-1303-46863,,,,,JWS_Will_Rogers1,34.03082,-118.54152
9/12/2010 7:33,VR2W-110771,A69-1303-46863,,,,,JWS_Will_Rogers1,34.03082,-118.54152
9/12/2010 9:59,VR2W-110770,A69-1303-46862,,,,,JWS_Will_Rogers2,34.03679,-118.54838
9/12/2010 10:02,VR2W-110770,A69-1303-46862,,,,,JWS_Will_Rogers2,34.03679,-118.54838
9/12/2010 10:07,VR2W-110770,A69-1303-46862,,,,,JWS_Will_Rogers2,34.03679,-118.54838
9/12/2010 10:16,VR2W-110770,A69-1303-46862,,,,,JWS_Will_Rogers2,34.03679,-118.54838
9/12/2010 10:18,VR2W-110770,A69-1303-46862,,,,,JWS_Will_Rogers2,34.03679,-118.54838
9/12/2010 10:20,VR2W-110770,A69-1303-46862,,,,,JWS_Will_Rogers2,34.03679,-118.54838
9/12/2010 10:22,VR2W-110770,A69-1303-46862,,,,,JWS_Will_Rogers2,34.03679,-118.54838
9/12/2010 10:24,VR2W-110770,A69-1303-46862,,,,,JWS_Will_Rogers2,34.03679,-118.54838
9/12/2010 10:26,VR2W-110770,A69-1303-46862,,,,,JWS_Will_Rogers2,34.03679,-118.54838
9/12/2010 10:28,VR2W-110770,A69-1303-46862,,,,,JWS_Will_Rogers2,34.03679,-118.54838
9/12/2010 10:30,VR2W-110770,A69-1303-46862,,,,,JWS_Will_Rogers2,34.03679,-118.54838
9/12/2010 10:32,VR2W-110770,A69-1303-46862,,,,,JWS_Will_Rogers2,34.03679,-118.54838
9/12/2010 10:33,VR2W-110770,A69-1303-46862,,,,,JWS_Will_Rogers2,34.03679,-118.54838
9/12/2010 10:36,VR2W-110770,A69-1303-46862,,,,,JWS_Will_Rogers2,34.03679,-118.54838
9/12/2010 10:38,VR2W-110770,A69-1303-46862,,,,,JWS_Will_Rogers2,34.03679,-118.54838
9/12/2010 10:39,VR2W-110770,A69-1303-46862,,,,,JWS_Will_Rogers2,34.03679,-118.54838
9/12/2010 10:40,VR2W-110770,A69-1303-46862,,,,,JWS_Will_Rogers2,34.03679,-118.54838
9/12/2010 10:42,VR2W-110770,A69-1303-46862,,,,,JWS_Will_Rogers2,34.03679,-118.54838
9/12/2010 10:44,VR2W-110770,A69-1303-46862,,,,,JWS_Will_Rogers2,34.03679,-118.54838
9/12/2010 10:47,VR2W-110770,A69-1303-46862,,,,,JWS_Will_Rogers2,34.03679,-118.54838
9/12/2010 10:51,VR2W-110770,A69-1303-46862,,,,,JWS_Will_Rogers2,34.03679,-118.54838
9/12/2010 10:57,VR2W-110770,A69-1303-46863,,,,,JWS_Will_Rogers2,34.03679,-118.54838
9/12/2010 10:58,VR2W-110770,A69-1303-46862,,,,,JWS_Will_Rogers2,34.03679,-118.54838
9/12/2010 11:00,VR2W-110770,A69-1303-46863,,,,,JWS_Will_Rogers2,34.03679,-118.54838
9/12/2010 11:03,VR2W-110770,A69-1303-46863,,,,,JWS_Will_Rogers2,34.03679,-118.54838
9/12/2010 11:21,VR2W-110771,A69-1303-46862,,,,,JWS_Will_Rogers1,34.03082,-118.54152
9/12/2010 11:23,VR2W-110771,A69-1303-46862,,,,,JWS_Will_Rogers1,34.03082,-118.54152
9/12/2010 11:25,VR2W-110771,A69-1303-46862,,,,,JWS_Will_Rogers1,34.03082,-118.54152
9/12/2010 11:27,VR2W-110771,A69-1303-46862,,,,,JWS_Will_Rogers1,34.03082,-118.54152
9/12/2010 11:30,VR2W-110771,A69-1303-46862,,,,,JWS_Will_Rogers1,34.03082,-118.54152
9/12/2010 11:32,VR2W-110771,A69-1303-46862,,,,,JWS_Will_Rogers1,34.03082,-118.54152
9/12/2010 11:33,VR2W-110771,A69-1303-46862,,,,,JWS_Will_Rogers1,34.03082,-118.54152
9/12/2010 11:34,VR2W-110771,A69-1303-46862,,,,,JWS_Will_Rogers1,34.03082,-118.54152
9/12/2010 11:36,VR2W-110771,A69-1303-46862,,,,,JWS_Will_Rogers1,34.03082,-118.54152
9/12/2010 11:45,VR2W-110771,A69-1303-46862,,,,,JWS_Will_Rogers1,34.03082,-118.54152
9/12/2010 11:48,VR2W-110771,A69-1303-46862,,,,,JWS_Will_Rogers1,34.03082,-118.54152
9/12/2010 14:46,VR2W-110771,A69-1303-46862,,,,,JWS_Will_Rogers1,34.03082,-118.54152
9/12/2010 14:48,VR2W-110771,A69-1303-46862,,,,,JWS_Will_Rogers1,34.03082,-118.54152
9/12/2010 14:51,VR2W-110771,A69-1303-46862,,,,,JWS_Will_Rogers1,34.03082,-118.54152
9/12/2010 14:54,VR2W-110771,A69-1303-46862,,,,,JWS_Will_Rogers1,34.03082,-118.54152
9/12/2010 14:54,VR2W-110770,A69-1303-46863,,,,,JWS_Will_Rogers2,34.03679,-118.54838
9/12/2010 14:57,VR2W-110771,A69-1303-46862,,,,,JWS_Will_Rogers1,34.03082,-118.54152
9/12/2010 14:57,VR2W-110770,A69-1303-46863,,,,,JWS_Will_Rogers2,34.03679,-118.54838
9/12/2010 14:59,VR2W-110770,A69-1303-46863,,,,,JWS_Will_Rogers2,34.03679,-118.54838
9/12/2010 14:59,VR2W-110771,A69-1303-46862,,,,,JWS_Will_Rogers1,34.03082,-118.54152
9/12/2010 15:01,VR2W-110771,A69-1303-46862,,,,,JWS_Will_Rogers1,34.03082,-118.54152
9/12/2010 15:03,VR2W-110771,A69-1303-46862,,,,,JWS_Will_Rogers1,34.03082,-118.54152
9/12/2010 15:05,VR2W-110770,A69-1303-46863,,,,,JWS_Will_Rogers2,34.03679,-118.54838
9/12/2010 15:06,VR2W-110771,A69-1303-46862,,,,,JWS_Will_Rogers1,34.03082,-118.54152
9/12/2010 15:07,VR2W-110771,A69-1303-46862,,,,,JWS_Will_Rogers1,34.03082,-118.54152
9/12/2010 15:08,VR2W-110770,A69-1303-46863,,,,,JWS_Will_Rogers2,34.03679,-118.54838
9/12/2010 15:08,VR2W-110771,A69-1303-46862,,,,,JWS_Will_Rogers1,34.03082,-118.54152
9/12/2010 15:09,VR2W-110770,A69-1303-46863,,,,,JWS_Will_Rogers2,34.03679,-118.54838
9/12/2010 15:10,VR2W-110771,A69-1303-46862,,,,,JWS_Will_Rogers1,34.03082,-118.54152
9/12/2010 15:11,VR2W-110770,A69-1303-46863,,,,,JWS_Will_Rogers2,34.03679,-118.54838
9/12/2010 15:12,VR2W-110771,A69-1303-46862,,,,,JWS_Will_Rogers1,34.03082,-118.54152
9/12/2010 15:13,VR2W-110770,A69-1303-46863,,,,,JWS_Will_Rogers2,34.03679,-118.54838
9/12/2010 15:14,VR2W-110771,A69-1303-46862,,,,,JWS_Will_Rogers1,34.03082,-118.54152
9/12/2010 15:15,VR2W-110770,A69-1303-46863,,,,,JWS_Will_Rogers2,34.03679,-118.54838
9/12/2010 15:16,VR2W-110770,A69-1303-46863,,,,,JWS_Will_Rogers2,34.03679,-118.54838
9/12/2010 15:20,VR2W-110770,A69-1303-46863,,,,,JWS_Will_Rogers2,34.03679,-118.54838
9/12/2010 15:22,VR2W-110770,A69-1303-46863,,,,,JWS_Will_Rogers2,34.03679,-118.54838
9/12/2010 15:25,VR2W-110770,A69-1303-46863,,,,,JWS_Will_Rogers2,34.03679,-118.54838
9/12/2010 15:26,VR2W-110770,A69-1303-46863,,,,,JWS_Will_Rogers2,34.03679,-118.54838
9/12/2010 15:30,VR2W-110770,A69-1303-46863,,,,,JWS_Will_Rogers2,34.03679,-118.54838
9/12/2010 15:32,VR2W-110770,A69-1303-46863,,,,,JWS_Will_Rogers2,34.03679,-118.54838
9/12/2010 15:35,VR2W-110770,A69-1303-46863,,,,,JWS_Will_Rogers2,34.03679,-118.54838
9/12/2010 15:37,VR2W-110770,A69-1303-46863,,,,,JWS_Will_Rogers2,34.03679,-118.54838
9/12/2010 15:41,VR2W-110770,A69-1303-46863,,,,,JWS_Will_Rogers2,34.03679,-118.54838
9/12/2010 15:45,VR2W-110770,A69-1303-46863,,,,,JWS_Will_Rogers2,34.03679,-118.54838
9/12/2010 15:46,VR2W-110770,A69-1303-46863,,,,,JWS_Will_Rogers2,34.03679,-118.54838
9/12/2010 15:48,VR2W-110770,A69-1303-46863,,,,,JWS_Will_Rogers2,34.03679,-118.54838
9/12/2010 15:49,VR2W-110770,A69-1303-46862,,,,,JWS_Will_Rogers2,34.03679,-118.54838
9/12/2010 15:51,VR2W-110770,A69-1303-46863,,,,,JWS_Will_Rogers2,34.03679,-118.54838
9/12/2010 15:52,VR2W-110770,A69-1303-46862,,,,,JWS_Will_Rogers2,34.03679,-118.54838
9/12/2010 15:52,VR2W-110770,A69-1303-46863,,,,,JWS_Will_Rogers2,34.03679,-118.54838
9/12/2010 15:54,VR2W-110770,A69-1303-46862,,,,,JWS_Will_Rogers2,34.03679,-118.54838
9/12/2010 15:55,VR2W-110770,A69-1303-46863,,,,,JWS_Will_Rogers2,34.03679,-118.54838
9/12/2010 15:56,VR2W-110770,A69-1303-46862,,,,,JWS_Will_Rogers2,34.03679,-118.54838
9/12/2010 15:57,VR2W-110770,A69-1303-46863,,,,,JWS_Will_Rogers2,34.03679,-118.54838
9/12/2010 15:58,VR2W-110770,A69-1303-46862,,,,,JWS_Will_Rogers2,34.03679,-118.54838
9/12/2010 15:58,VR2W-110770,A69-1303-46863,,,,,JWS_Will_Rogers2,34.03679,-118.54838
9/12/2010 15:59,VR2W-110770,A69-1303-46863,,,,,JWS_Will_Rogers2,34.03679,-118.54838
9/12/2010 16:00,VR2W-110770,A69-1303-46862,,,,,JWS_Will_Rogers2,34.03679,-118.54838
9/12/2010 16:01,VR2W-110770,A69-1303-46863,,,,,JWS_Will_Rogers2,34.03679,-118.54838
9/12/2010 16:02,VR2W-110770,A69-1303-46862,,,,,JWS_Will_Rogers2,34.03679,-118.54838
9/12/2010 16:03,VR2W-110770,A69-1303-46863,,,,,JWS_Will_Rogers2,34.03679,-118.54838
9/12/2010 16:04,VR2W-110770,A69-1303-46862,,,,,JWS_Will_Rogers2,34.03679,-118.54838
9/12/2010 16:06,VR2W-110770,A69-1303-46862,,,,,JWS_Will_Rogers2,34.03679,-118.54838
9/12/2010 16:10,VR2W-110770,A69-1303-46863,,,,,JWS_Will_Rogers2,34.03679,-118.54838
9/12/2010 16:11,VR2W-110770,A69-1303-46862,,,,,JWS_Will_Rogers2,34.03679,-118.54838
9/12/2010 16:12,VR2W-110770,A69-1303-46863,,,,,JWS_Will_Rogers2,34.03679,-118.54838
9/12/2010 16:12,VR2W-110770,A69-1303-46862,,,,,JWS_Will_Rogers2,34.03679,-118.54838
9/12/2010 16:14,VR2W-110770,A69-1303-46862,,,,,JWS_Will_Rogers2,34.03679,-118.54838
9/12/2010 16:16,VR2W-110770,A69-1303-46863,,,,,JWS_Will_Rogers2,34.03679,-118.54838
9/12/2010 16:17,VR2W-110770,A69-1303-46862,,,,,JWS_Will_Rogers2,34.03679,-118.54838
9/12/2010 16:19,VR2W-110770,A69-1303-46862,,,,,JWS_Will_Rogers2,34.03679,-118.54838
9/12/2010 16:20,VR2W-110770,A69-1303-46863,,,,,JWS_Will_Rogers2,34.03679,-118.54838
9/12/2010 16:21,VR2W-110770,A69-1303-46862,,,,,JWS_Will_Rogers2,34.03679,-118.54838
9/12/2010 16:21,VR2W-110770,A69-1303-46863,,,,,JWS_Will_Rogers2,34.03679,-118.54838
9/12/2010 16:22,VR2W-110770,A69-1303-46863,,,,,JWS_Will_Rogers2,34.03679,-118.54838
9/12/2010 16:23,VR2W-110770,A69-1303-46862,,,,,JWS_Will_Rogers2,34.03679,-118.54838
9/12/2010 16:23,VR2W-110770,A69-1303-46863,,,,,JWS_Will_Rogers2,34.03679,-118.54838
9/12/2010 16:25,VR2W-110770,A69-1303-46863,,,,,JWS_Will_Rogers2,34.03679,-118.54838
9/12/2010 16:26,VR2W-110770,A69-1303-46862,,,,,JWS_Will_Rogers2,34.03679,-118.54838
9/12/2010 16:27,VR2W-110770,A69-1303-46863,,,,,JWS_Will_Rogers2,34.03679,-118.54838
9/12/2010 16:29,VR2W-110770,A69-1303-46862,,,,,JWS_Will_Rogers2,34.03679,-118.54838
9/12/2010 16:32,VR2W-110770,A69-1303-46862,,,,,JWS_Will_Rogers2,34.03679,-118.54838
9/12/2010 16:33,VR2W-110770,A69-1303-46863,,,,,JWS_Will_Rogers2,34.03679,-118.54838
9/12/2010 16:34,VR2W-110770,A69-1303-46862,,,,,JWS_Will_Rogers2,34.03679,-118.54838
9/12/2010 16:37,VR2W-110770,A69-1303-46862,,,,,JWS_Will_Rogers2,34.03679,-118.54838
9/12/2010 16:39,VR2W-110770,A69-1303-46862,,,,,JWS_Will_Rogers2,34.03679,-118.54838
9/12/2010 16:41,VR2W-110770,A69-1303-46862,,,,,JWS_Will_Rogers2,34.03679,-118.54838
9/12/2010 16:42,VR2W-110770,A69-1303-46863,,,,,JWS_Will_Rogers2,34.03679,-118.54838
9/12/2010 16:43,VR2W-110770,A69-1303-46862,,,,,JWS_Will_Rogers2,34.03679,-118.54838
9/12/2010 16:49,VR2W-110770,A69-1303-46863,,,,,JWS_Will_Rogers2,34.03679,-118.54838
9/12/2010 16:51,VR2W-110770,A69-1303-46863,,,,,JWS_Will_Rogers2,34.03679,-118.54838
9/12/2010 16:54,VR2W-110770,A69-1303-46863,,,,,JWS_Will_Rogers2,34.03679,-118.54838
9/12/2010 16:57,VR2W-110770,A69-1303-46863,,,,,JWS_Will_Rogers2,34.03679,-118.54838
9/12/2010 17:00,VR2W-110770,A69-1303-46863,,,,,JWS_Will_Rogers2,34.03679,-118.54838
9/12/2010 17:02,VR2W-110770,A69-1303-46863,,,,,JWS_Will_Rogers2,34.03679,-118.54838
9/12/2010 17:04,VR2W-110770,A69-1303-46863,,,,,JWS_Will_Rogers2,34.03679,-118.54838
9/12/2010 17:09,VR2W-110770,A69-1303-46863,,,,,JWS_Will_Rogers2,34.03679,-118.54838
9/12/2010 17:13,VR2W-110770,A69-1303-46863,,,,,JWS_Will_Rogers2,34.03679,-118.54838
9/12/2010 17:19,VR2W-110770,A69-1303-46863,,,,,JWS_Will_Rogers2,34.03679,-118.54838
9/12/2010 17:23,VR2W-110770,A69-1303-46863,,,,,JWS_Will_Rogers2,34.03679,-118.54838
9/12/2010 17:25,VR2W-110770,A69-1303-46863,,,,,JWS_Will_Rogers2,34.03679,-118.54838
9/12/2010 17:28,VR2W-110770,A69-1303-46863,,,,,JWS_Will_Rogers2,34.03679,-118.54838
9/12/2010 17:31,VR2W-110770,A69-1303-46863,,,,,JWS_Will_Rogers2,34.03679,-118.54838
9/12/2010 17:34,VR2W-110770,A69-1303-46863,,,,,JWS_Will_Rogers2,34.03679,-118.54838
9/12/2010 17:36,VR2W-110770,A69-1303-46863,,,,,JWS_Will_Rogers2,34.03679,-118.54838
9/12/2010 17:41,VR2W-110770,A69-1303-46863,,,,,JWS_Will_Rogers2,34.03679,-118.54838
9/12/2010 17:49,VR2W-110770,A69-1303-46863,,,,,JWS_Will_Rogers2,34.03679,-118.54838
9/12/2010 17:52,VR2W-110770,A69-1303-46863,,,,,JWS_Will_Rogers2,34.03679,-118.54838
9/12/2010 17:54,VR2W-110770,A69-1303-46863,,,,,JWS_Will_Rogers2,34.03679,-118.54838
9/12/2010 17:59,VR2W-110770,A69-1303-46863,,,,,JWS_Will_Rogers2,34.03679,-118.54838
9/12/2010 18:02,VR2W-110770,A69-1303-46863,,,,,JWS_Will_Rogers2,34.03679,-118.54838
9/12/2010 18:03,VR2W-110770,A69-1303-46863,,,,,JWS_Will_Rogers2,34.03679,-118.54838
9/12/2010 18:05,VR2W-110770,A69-1303-46863,,,,,JWS_Will_Rogers2,34.03679,-118.54838
9/12/2010 18:07,VR2W-110770,A69-1303-46863,,,,,JWS_Will_Rogers2,34.03679,-118.54838
9/12/2010 18:08,VR2W-110770,A69-1303-46863,,,,,JWS_Will_Rogers2,34.03679,-118.54838
9/12/2010 18:13,VR2W-110770,A69-1303-46863,,,,,JWS_Will_Rogers2,34.03679,-118.54838
9/12/2010 18:15,VR2W-110770,A69-1303-46863,,,,,JWS_Will_Rogers2,34.03679,-118.54838
9/12/2010 18:17,VR2W-110770,A69-1303-46863,,,,,JWS_Will_Rogers2,34.03679,-118.54838
9/12/2010 18:19,VR2W-110770,A69-1303-46863,,,,,JWS_Will_Rogers2,34.03679,-118.54838
9/12/2010 18:20,VR2W-110770,A69-1303-46863,,,,,JWS_Will_Rogers2,34.03679,-118.54838
9/12/2010 18:21,VR2W-110770,A69-1303-46863,,,,,JWS_Will_Rogers2,34.03679,-118.54838
9/12/2010 18:23,VR2W-110770,A69-1303-46863,,,,,JWS_Will_Rogers2,34.03679,-118.54838
9/12/2010 18:25,VR2W-110770,A69-1303-46863,,,,,JWS_Will_Rogers2,34.03679,-118.54838
9/12/2010 18:27,VR2W-110770,A69-1303-46863,,,,,JWS_Will_Rogers2,34.03679,-118.54838
9/12/2010 18:28,VR2W-110770,A69-1303-46863,,,,,JWS_Will_Rogers2,34.03679,-118.54838
9/12/2010 18:33,VR2W-110770,A69-1303-46863,,,,,JWS_Will_Rogers2,34.03679,-118.54838
9/12/2010 18:35,VR2W-110770,A69-1303-46863,,,,,JWS_Will_Rogers2,34.03679,-118.54838
9/12/2010 18:37,VR2W-110770,A69-1303-46863,,,,,JWS_Will_Rogers2,34.03679,-118.54838
9/12/2010 18:39,VR2W-110770,A69-1303-46863,,,,,JWS_Will_Rogers2,34.03679,-118.54838
9/12/2010 18:40,VR2W-110770,A69-1303-46863,,,,,JWS_Will_Rogers2,34.03679,-118.54838
9/12/2010 18:49,VR2W-110770,A69-1303-46863,,,,,JWS_Will_Rogers2,34.03679,-118.54838
9/12/2010 18:52,VR2W-110770,A69-1303-46863,,,,,JWS_Will_Rogers2,34.03679,-118.54838
9/12/2010 18:55,VR2W-110770,A69-1303-46863,,,,,JWS_Will_Rogers2,34.03679,-118.54838
9/12/2010 18:57,VR2W-110770,A69-1303-46863,,,,,JWS_Will_Rogers2,34.03679,-118.54838
9/12/2010 18:58,VR2W-110770,A69-1303-46863,,,,,JWS_Will_Rogers2,34.03679,-118.54838
9/12/2010 18:59,VR2W-110770,A69-1303-46863,,,,,JWS_Will_Rogers2,34.03679,-118.54838
9/12/2010 19:01,VR2W-110770,A69-1303-46863,,,,,JWS_Will_Rogers2,34.03679,-118.54838
9/12/2010 19:03,VR2W-110770,A69-1303-46863,,,,,JWS_Will_Rogers2,34.03679,-118.54838
9/12/2010 19:06,VR2W-110770,A69-1303-46863,,,,,JWS_Will_Rogers2,34.03679,-118.54838
9/12/2010 19:09,VR2W-110770,A69-1303-46863,,,,,JWS_Will_Rogers2,34.03679,-118.54838
9/12/2010 19:11,VR2W-110770,A69-1303-46863,,,,,JWS_Will_Rogers2,34.03679,-118.54838
9/12/2010 19:13,VR2W-110770,A69-1303-46863,,,,,JWS_Will_Rogers2,34.03679,-118.54838
9/12/2010 19:19,VR2W-110770,A69-1303-46863,,,,,JWS_Will_Rogers2,34.03679,-118.54838
9/12/2010 19:22,VR2W-110770,A69-1303-46863,,,,,JWS_Will_Rogers2,34.03679,-118.54838
9/12/2010 19:24,VR2W-110770,A69-1303-46863,,,,,JWS_Will_Rogers2,34.03679,-118.54838
9/12/2010 19:27,VR2W-110770,A69-1303-46863,,,,,JWS_Will_Rogers2,34.03679,-118.54838
9/12/2010 19:30,VR2W-110770,A69-1303-46863,,,,,JWS_Will_Rogers2,34.03679,-118.54838
9/12/2010 19:32,VR2W-110770,A69-1303-46863,,,,,JWS_Will_Rogers2,34.03679,-118.54838
9/12/2010 19:33,VR2W-110770,A69-1303-46863,,,,,JWS_Will_Rogers2,34.03679,-118.54838
9/12/2010 19:35,VR2W-110770,A69-1303-46863,,,,,JWS_Will_Rogers2,34.03679,-118.54838
9/12/2010 19:36,VR2W-110770,A69-1303-46863,,,,,JWS_Will_Rogers2,34.03679,-118.54838
9/12/2010 19:39,VR2W-110770,A69-1303-46863,,,,,JWS_Will_Rogers2,34.03679,-118.54838
9/12/2010 19:45,VR2W-110770,A69-1303-46863,,,,,JWS_Will_Rogers2,34.03679,-118.54838
9/12/2010 19:47,VR2W-110770,A69-1303-46863,,,,,JWS_Will_Rogers2,34.03679,-118.54838
9/12/2010 19:48,VR2W-110770,A69-1303-46863,,,,,JWS_Will_Rogers2,34.03679,-118.54838
9/12/2010 19:51,VR2W-110770,A69-1303-46863,,,,,JWS_Will_Rogers2,34.03679,-118.54838
9/12/2010 19:52,VR2W-110770,A69-1303-46863,,,,,JWS_Will_Rogers2,34.03679,-118.54838
9/12/2010 19:55,VR2W-110770,A69-1303-46863,,,,,JWS_Will_Rogers2,34.03679,-118.54838
9/12/2010 19:58,VR2W-110770,A69-1303-46863,,,,,JWS_Will_Rogers2,34.03679,-118.54838
9/12/2010 20:05,VR2W-110770,A69-1303-46863,,,,,JWS_Will_Rogers2,34.03679,-118.54838
9/12/2010 20:07,VR2W-110770,A69-1303-46863,,,,,JWS_Will_Rogers2,34.03679,-118.54838
9/12/2010 20:09,VR2W-110770,A69-1303-46863,,,,,JWS_Will_Rogers2,34.03679,-118.54838
9/12/2010 20:10,VR2W-110770,A69-1303-46863,,,,,JWS_Will_Rogers2,34.03679,-118.54838
9/12/2010 20:12,VR2W-110770,A69-1303-46863,,,,,JWS_Will_Rogers2,34.03679,-118.54838
9/12/2010 20:16,VR2W-110770,A69-1303-46863,,,,,JWS_Will_Rogers2,34.03679,-118.54838
9/12/2010 20:20,VR2W-110770,A69-1303-46863,,,,,JWS_Will_Rogers2,34.03679,-118.54838
9/12/2010 20:43,VR2W-110770,A69-1303-46862,,,,,JWS_Will_Rogers2,34.03679,-118.54838
9/12/2010 20:46,VR2W-110770,A69-1303-46862,,,,,JWS_Will_Rogers2,34.03679,-118.54838
9/12/2010 20:50,VR2W-110770,A69-1303-46862,,,,,JWS_Will_Rogers2,34.03679,-118.54838
9/12/2010 20:55,VR2W-110770,A69-1303-46862,,,,,JWS_Will_Rogers2,34.03679,-118.54838
9/12/2010 20:57,VR2W-110770,A69-1303-46862,,,,,JWS_Will_Rogers2,34.03679,-118.54838
9/12/2010 20:59,VR2W-110770,A69-1303-46862,,,,,JWS_Will_Rogers2,34.03679,-118.54838
9/12/2010 21:02,VR2W-110770,A69-1303-46862,,,,,JWS_Will_Rogers2,34.03679,-118.54838
9/12/2010 21:04,VR2W-110770,A69-1303-46862,,,,,JWS_Will_Rogers2,34.03679,-118.54838
9/12/2010 21:05,VR2W-110770,A69-1303-46862,,,,,JWS_Will_Rogers2,34.03679,-118.54838
9/12/2010 21:08,VR2W-110770,A69-1303-46862,,,,,JWS_Will_Rogers2,34.03679,-118.54838
9/12/2010 21:09,VR2W-110770,A69-1303-46862,,,,,JWS_Will_Rogers2,34.03679,-118.54838
9/12/2010 21:10,VR2W-110770,A69-1303-46862,,,,,JWS_Will_Rogers2,34.03679,-118.54838
9/12/2010 21:11,VR2W-110770,A69-1303-46862,,,,,JWS_Will_Rogers2,34.03679,-118.54838
9/12/2010 21:13,VR2W-110770,A69-1303-46862,,,,,JWS_Will_Rogers2,34.03679,-118.54838
9/12/2010 21:16,VR2W-110770,A69-1303-46862,,,,,JWS_Will_Rogers2,34.03679,-118.54838
9/12/2010 21:17,VR2W-110770,A69-1303-46862,,,,,JWS_Will_Rogers2,34.03679,-118.54838
9/12/2010 21:20,VR2W-110770,A69-1303-46862,,,,,JWS_Will_Rogers2,34.03679,-118.54838
9/12/2010 21:22,VR2W-110770,A69-1303-46862,,,,,JWS_Will_Rogers2,34.03679,-118.54838
9/12/2010 21:24,VR2W-110770,A69-1303-46862,,,,,JWS_Will_Rogers2,34.03679,-118.54838
9/12/2010 21:25,VR2W-110770,A69-1303-46862,,,,,JWS_Will_Rogers2,34.03679,-118.54838
9/12/2010 21:28,VR2W-110770,A69-1303-46862,,,,,JWS_Will_Rogers2,34.03679,-118.54838
9/12/2010 21:30,VR2W-110770,A69-1303-46862,,,,,JWS_Will_Rogers2,34.03679,-118.54838
9/12/2010 21:56,VR2W-110771,A69-1303-46862,,,,,JWS_Will_Rogers1,34.03082,-118.54152
9/12/2010 21:58,VR2W-110771,A69-1303-46862,,,,,JWS_Will_Rogers1,34.03082,-118.54152
9/12/2010 22:01,VR2W-110771,A69-1303-46862,,,,,JWS_Will_Rogers1,34.03082,-118.54152
9/12/2010 22:03,VR2W-110771,A69-1303-46862,,,,,JWS_Will_Rogers1,34.03082,-118.54152
9/12/2010 22:04,VR2W-110771,A69-1303-46862,,,,,JWS_Will_Rogers1,34.03082,-118.54152
9/12/2010 22:06,VR2W-110771,A69-1303-46862,,,,,JWS_Will_Rogers1,34.03082,-118.54152
9/12/2010 22:08,VR2W-110771,A69-1303-46862,,,,,JWS_Will_Rogers1,34.03082,-118.54152
9/12/2010 22:10,VR2W-110771,A69-1303-46862,,,,,JWS_Will_Rogers1,34.03082,-118.54152
9/12/2010 22:12,VR2W-110771,A69-1303-46862,,,,,JWS_Will_Rogers1,34.03082,-118.54152
9/12/2010 22:14,VR2W-110771,A69-1303-46862,,,,,JWS_Will_Rogers1,34.03082,-118.54152
9/12/2010 22:15,VR2W-110771,A69-1303-46862,,,,,JWS_Will_Rogers1,34.03082,-118.54152
9/12/2010 22:17,VR2W-110771,A69-1303-46862,,,,,JWS_Will_Rogers1,34.03082,-118.54152
9/12/2010 22:19,VR2W-110771,A69-1303-46862,,,,,JWS_Will_Rogers1,34.03082,-118.54152
9/12/2010 22:21,VR2W-110771,A69-1303-46862,,,,,JWS_Will_Rogers1,34.03082,-118.54152
9/12/2010 22:23,VR2W-110771,A69-1303-46862,,,,,JWS_Will_Rogers1,34.03082,-118.54152
9/12/2010 22:25,VR2W-110771,A69-1303-46862,,,,,JWS_Will_Rogers1,34.03082,-118.54152
9/12/2010 22:28,VR2W-110771,A69-1303-46862,,,,,JWS_Will_Rogers1,34.03082,-118.54152
9/12/2010 22:29,VR2W-110771,A69-1303-46862,,,,,JWS_Will_Rogers1,34.03082,-118.54152
9/12/2010 22:32,VR2W-110771,A69-1303-46862,,,,,JWS_Will_Rogers1,34.03082,-118.54152
9/12/2010 22:35,VR2W-110771,A69-1303-46862,,,,,JWS_Will_Rogers1,34.03082,-118.54152
9/12/2010 22:48,VR2W-110770,A69-1303-46863,,,,,JWS_Will_Rogers2,34.03679,-118.54838
9/12/2010 23:10,VR2W-110770,A69-1303-46862,,,,,JWS_Will_Rogers2,34.03679,-118.54838
9/12/2010 23:12,VR2W-110770,A69-1303-46862,,,,,JWS_Will_Rogers2,34.03679,-118.54838
9/12/2010 23:14,VR2W-110770,A69-1303-46862,,,,,JWS_Will_Rogers2,34.03679,-118.54838
9/12/2010 23:15,VR2W-110770,A69-1303-46862,,,,,JWS_Will_Rogers2,34.03679,-118.54838
9/12/2010 23:17,VR2W-110770,A69-1303-46862,,,,,JWS_Will_Rogers2,34.03679,-118.54838
9/12/2010 23:19,VR2W-110770,A69-1303-46862,,,,,JWS_Will_Rogers2,34.03679,-118.54838
9/12/2010 23:21,VR2W-110770,A69-1303-46862,,,,,JWS_Will_Rogers2,34.03679,-118.54838
9/12/2010 23:23,VR2W-110770,A69-1303-46862,,,,,JWS_Will_Rogers2,34.03679,-118.54838
9/12/2010 23:25,VR2W-110770,A69-1303-46862,,,,,JWS_Will_Rogers2,34.03679,-118.54838
9/12/2010 23:30,VR2W-110770,A69-1303-46862,,,,,JWS_Will_Rogers2,34.03679,-118.54838
9/13/2010 1:19,VR2W-110770,A69-1303-46863,,,,,JWS_Will_Rogers2,34.03679,-118.54838
9/13/2010 1:21,VR2W-110770,A69-1303-46863,,,,,JWS_Will_Rogers2,34.03679,-118.54838
9/13/2010 1:24,VR2W-110770,A69-1303-46863,,,,,JWS_Will_Rogers2,34.03679,-118.54838
9/13/2010 1:29,VR2W-110770,A69-1303-46863,,,,,JWS_Will_Rogers2,34.03679,-118.54838
9/13/2010 1:38,VR2W-110770,A69-1303-46863,,,,,JWS_Will_Rogers2,34.03679,-118.54838
9/13/2010 1:41,VR2W-110770,A69-1303-46863,,,,,JWS_Will_Rogers2,34.03679,-118.54838
9/13/2010 1:46,VR2W-110770,A69-1303-46863,,,,,JWS_Will_Rogers2,34.03679,-118.54838
9/13/2010 1:54,VR2W-110770,A69-1303-46863,,,,,JWS_Will_Rogers2,34.03679,-118.54838
9/13/2010 2:51,VR2W-110770,A69-1303-46863,,,,,JWS_Will_Rogers2,34.03679,-118.54838
9/13/2010 2:54,VR2W-110770,A69-1303-46863,,,,,JWS_Will_Rogers2,34.03679,-118.54838
9/13/2010 3:05,VR2W-110770,A69-1303-46863,,,,,JWS_Will_Rogers2,34.03679,-118.54838
9/13/2010 3:06,VR2W-110770,A69-1303-46863,,,,,JWS_Will_Rogers2,34.03679,-118.54838
9/13/2010 4:22,VR2W-110770,A69-1303-46863,,,,,JWS_Will_Rogers2,34.03679,-118.54838
9/13/2010 4:24,VR2W-110770,A69-1303-46863,,,,,JWS_Will_Rogers2,34.03679,-118.54838
9/13/2010 7:59,VR2W-110770,A69-1303-46863,,,,,JWS_Will_Rogers2,34.03679,-118.54838
9/13/2010 8:08,VR2W-110770,A69-1303-46863,,,,,JWS_Will_Rogers2,34.03679,-118.54838
9/13/2010 8:11,VR2W-110770,A69-1303-46863,,,,,JWS_Will_Rogers2,34.03679,-118.54838
9/13/2010 8:14,VR2W-110770,A69-1303-46863,,,,,JWS_Will_Rogers2,34.03679,-118.54838
9/13/2010 8:19,VR2W-110770,A69-1303-46863,,,,,JWS_Will_Rogers2,34.03679,-118.54838
9/13/2010 9:26,VR2W-110770,A69-1303-46863,,,,,JWS_Will_Rogers2,34.03679,-118.54838
9/13/2010 9:27,VR2W-110770,A69-1303-46863,,,,,JWS_Will_Rogers2,34.03679,-118.54838
9/13/2010 9:28,VR2W-110770,A69-1303-46863,,,,,JWS_Will_Rogers2,34.03679,-118.54838
9/13/2010 9:30,VR2W-110770,A69-1303-46863,,,,,JWS_Will_Rogers2,34.03679,-118.54838
9/13/2010 9:33,VR2W-110770,A69-1303-46863,,,,,JWS_Will_Rogers2,34.03679,-118.54838
9/13/2010 9:48,VR2W-110764,A69-1303-46862,,,,,JWS_Santa_Monica_Pier,34.00716,-118.49899
9/13/2010 11:10,VR2W-110770,A69-1303-46863,,,,,JWS_Will_Rogers2,34.03679,-118.54838
9/13/2010 12:04,VR2W-110770,A69-1303-46863,,,,,JWS_Will_Rogers2,34.03679,-118.54838
9/13/2010 12:14,VR2W-110770,A69-1303-46862,,,,,JWS_Will_Rogers2,34.03679,-118.54838
9/13/2010 12:20,VR2W-110770,A69-1303-46862,,,,,JWS_Will_Rogers2,34.03679,-118.54838
9/13/2010 12:27,VR2W-110770,A69-1303-46862,,,,,JWS_Will_Rogers2,34.03679,-118.54838
9/13/2010 12:31,VR2W-110770,A69-1303-46862,,,,,JWS_Will_Rogers2,34.03679,-118.54838
9/13/2010 12:33,VR2W-110770,A69-1303-46862,,,,,JWS_Will_Rogers2,34.03679,-118.54838
9/13/2010 12:35,VR2W-110770,A69-1303-46862,,,,,JWS_Will_Rogers2,34.03679,-118.54838
9/13/2010 12:37,VR2W-110770,A69-1303-46862,,,,,JWS_Will_Rogers2,34.03679,-118.54838
9/13/2010 12:39,VR2W-110770,A69-1303-46862,,,,,JWS_Will_Rogers2,34.03679,-118.54838
9/13/2010 12:41,VR2W-110770,A69-1303-46862,,,,,JWS_Will_Rogers2,34.03679,-118.54838
9/13/2010 12:43,VR2W-110770,A69-1303-46862,,,,,JWS_Will_Rogers2,34.03679,-118.54838
9/13/2010 12:44,VR2W-110770,A69-1303-46862,,,,,JWS_Will_Rogers2,34.03679,-118.54838
9/13/2010 12:47,VR2W-110770,A69-1303-46862,,,,,JWS_Will_Rogers2,34.03679,-118.54838
9/13/2010 12:48,VR2W-110770,A69-1303-46862,,,,,JWS_Will_Rogers2,34.03679,-118.54838
9/13/2010 12:50,VR2W-110770,A69-1303-46862,,,,,JWS_Will_Rogers2,34.03679,-118.54838
9/13/2010 12:52,VR2W-110770,A69-1303-46862,,,,,JWS_Will_Rogers2,34.03679,-118.54838
9/13/2010 12:55,VR2W-110770,A69-1303-46862,,,,,JWS_Will_Rogers2,34.03679,-118.54838
9/13/2010 12:56,VR2W-110770,A69-1303-46862,,,,,JWS_Will_Rogers2,34.03679,-118.54838
9/13/2010 12:57,VR2W-110770,A69-1303-46862,,,,,JWS_Will_Rogers2,34.03679,-118.54838
9/13/2010 13:13,VR2W-110770,A69-1303-46862,,,,,JWS_Will_Rogers2,34.03679,-118.54838
9/13/2010 13:18,VR2W-110770,A69-1303-46862,,,,,JWS_Will_Rogers2,34.03679,-118.54838
9/13/2010 13:25,VR2W-110770,A69-1303-46862,,,,,JWS_Will_Rogers2,34.03679,-118.54838
9/13/2010 13:27,VR2W-110770,A69-1303-46862,,,,,JWS_Will_Rogers2,34.03679,-118.54838
9/13/2010 13:31,VR2W-110770,A69-1303-46862,,,,,JWS_Will_Rogers2,34.03679,-118.54838
9/13/2010 13:32,VR2W-110770,A69-1303-46862,,,,,JWS_Will_Rogers2,34.03679,-118.54838
9/13/2010 13:33,VR2W-110770,A69-1303-46862,,,,,JWS_Will_Rogers2,34.03679,-118.54838
9/13/2010 13:34,VR2W-110770,A69-1303-46862,,,,,JWS_Will_Rogers2,34.03679,-118.54838
9/13/2010 13:36,VR2W-110770,A69-1303-46862,,,,,JWS_Will_Rogers2,34.03679,-118.54838
9/13/2010 13:39,VR2W-110770,A69-1303-46862,,,,,JWS_Will_Rogers2,34.03679,-118.54838
9/13/2010 13:42,VR2W-110770,A69-1303-46862,,,,,JWS_Will_Rogers2,34.03679,-118.54838
9/13/2010 13:44,VR2W-110770,A69-1303-46862,,,,,JWS_Will_Rogers2,34.03679,-118.54838
9/13/2010 13:46,VR2W-110770,A69-1303-46862,,,,,JWS_Will_Rogers2,34.03679,-118.54838
9/13/2010 13:49,VR2W-110770,A69-1303-46862,,,,,JWS_Will_Rogers2,34.03679,-118.54838
9/13/2010 13:51,VR2W-110770,A69-1303-46862,,,,,JWS_Will_Rogers2,34.03679,-118.54838
9/13/2010 13:52,VR2W-110770,A69-1303-46862,,,,,JWS_Will_Rogers2,34.03679,-118.54838
9/13/2010 13:54,VR2W-110770,A69-1303-46862,,,,,JWS_Will_Rogers2,34.03679,-118.54838
9/13/2010 14:00,VR2W-110770,A69-1303-46862,,,,,JWS_Will_Rogers2,34.03679,-118.54838
9/13/2010 14:02,VR2W-110770,A69-1303-46863,,,,,JWS_Will_Rogers2,34.03679,-118.54838
9/13/2010 16:36,VR2W-110770,A69-1303-46862,,,,,JWS_Will_Rogers2,34.03679,-118.54838
9/13/2010 16:52,VR2W-110771,A69-1303-46863,,,,,JWS_Will_Rogers1,34.03082,-118.54152
9/13/2010 16:57,VR2W-110770,A69-1303-46862,,,,,JWS_Will_Rogers2,34.03679,-118.54838
9/13/2010 16:59,VR2W-110771,A69-1303-46863,,,,,JWS_Will_Rogers1,34.03082,-118.54152
9/13/2010 17:06,VR2W-110770,A69-1303-46862,,,,,JWS_Will_Rogers2,34.03679,-118.54838
9/13/2010 17:06,VR2W-110771,A69-1303-46863,,,,,JWS_Will_Rogers1,34.03082,-118.54152
9/13/2010 17:09,VR2W-110771,A69-1303-46863,,,,,JWS_Will_Rogers1,34.03082,-118.54152
9/13/2010 17:14,VR2W-110771,A69-1303-46863,,,,,JWS_Will_Rogers1,34.03082,-118.54152
9/13/2010 17:17,VR2W-110771,A69-1303-46863,,,,,JWS_Will_Rogers1,34.03082,-118.54152
9/13/2010 17:19,VR2W-110770,A69-1303-46862,,,,,JWS_Will_Rogers2,34.03679,-118.54838
9/13/2010 17:20,VR2W-110771,A69-1303-46863,,,,,JWS_Will_Rogers1,34.03082,-118.54152
9/13/2010 17:22,VR2W-110771,A69-1303-46863,,,,,JWS_Will_Rogers1,34.03082,-118.54152
9/13/2010 17:25,VR2W-110771,A69-1303-46863,,,,,JWS_Will_Rogers1,34.03082,-118.54152
9/13/2010 17:27,VR2W-110771,A69-1303-46863,,,,,JWS_Will_Rogers1,34.03082,-118.54152
9/13/2010 17:31,VR2W-110771,A69-1303-46863,,,,,JWS_Will_Rogers1,34.03082,-118.54152
9/13/2010 17:39,VR2W-110771,A69-1303-46863,,,,,JWS_Will_Rogers1,34.03082,-118.54152
9/13/2010 17:40,VR2W-110770,A69-1303-46862,,,,,JWS_Will_Rogers2,34.03679,-118.54838
9/13/2010 17:46,VR2W-110771,A69-1303-46863,,,,,JWS_Will_Rogers1,34.03082,-118.54152
9/13/2010 17:50,VR2W-110771,A69-1303-46863,,,,,JWS_Will_Rogers1,34.03082,-118.54152
9/13/2010 17:51,VR2W-110771,A69-1303-46863,,,,,JWS_Will_Rogers1,34.03082,-118.54152
9/13/2010 17:52,VR2W-110770,A69-1303-46862,,,,,JWS_Will_Rogers2,34.03679,-118.54838
9/13/2010 17:54,VR2W-110770,A69-1303-46862,,,,,JWS_Will_Rogers2,34.03679,-118.54838
9/13/2010 17:55,VR2W-110771,A69-1303-46863,,,,,JWS_Will_Rogers1,34.03082,-118.54152
9/13/2010 17:56,VR2W-110770,A69-1303-46862,,,,,JWS_Will_Rogers2,34.03679,-118.54838
9/13/2010 17:57,VR2W-110771,A69-1303-46863,,,,,JWS_Will_Rogers1,34.03082,-118.54152
9/13/2010 17:59,VR2W-110771,A69-1303-46863,,,,,JWS_Will_Rogers1,34.03082,-118.54152
9/13/2010 18:00,VR2W-110770,A69-1303-46862,,,,,JWS_Will_Rogers2,34.03679,-118.54838
9/13/2010 18:01,VR2W-110771,A69-1303-46863,,,,,JWS_Will_Rogers1,34.03082,-118.54152
9/13/2010 18:07,VR2W-110771,A69-1303-46863,,,,,JWS_Will_Rogers1,34.03082,-118.54152
9/13/2010 18:10,VR2W-110771,A69-1303-46863,,,,,JWS_Will_Rogers1,34.03082,-118.54152
9/13/2010 18:13,VR2W-110771,A69-1303-46863,,,,,JWS_Will_Rogers1,34.03082,-118.54152
9/13/2010 18:14,VR2W-110770,A69-1303-46862,,,,,JWS_Will_Rogers2,34.03679,-118.54838
9/13/2010 18:16,VR2W-110771,A69-1303-46863,,,,,JWS_Will_Rogers1,34.03082,-118.54152
9/13/2010 18:22,VR2W-110771,A69-1303-46863,,,,,JWS_Will_Rogers1,34.03082,-118.54152
9/13/2010 18:25,VR2W-110771,A69-1303-46863,,,,,JWS_Will_Rogers1,34.03082,-118.54152
9/13/2010 18:26,VR2W-110770,A69-1303-46862,,,,,JWS_Will_Rogers2,34.03679,-118.54838
9/13/2010 18:29,VR2W-110771,A69-1303-46863,,,,,JWS_Will_Rogers1,34.03082,-118.54152
9/13/2010 18:42,VR2W-110770,A69-1303-46862,,,,,JWS_Will_Rogers2,34.03679,-118.54838
9/13/2010 18:44,VR2W-110770,A69-1303-46862,,,,,JWS_Will_Rogers2,34.03679,-118.54838
9/13/2010 18:49,VR2W-110770,A69-1303-46862,,,,,JWS_Will_Rogers2,34.03679,-118.54838
9/13/2010 18:51,VR2W-110770,A69-1303-46862,,,,,JWS_Will_Rogers2,34.03679,-118.54838
9/13/2010 19:07,VR2W-110771,A69-1303-46863,,,,,JWS_Will_Rogers1,34.03082,-118.54152
9/13/2010 19:17,VR2W-110771,A69-1303-46863,,,,,JWS_Will_Rogers1,34.03082,-118.54152
9/13/2010 19:22,VR2W-110771,A69-1303-46863,,,,,JWS_Will_Rogers1,34.03082,-118.54152
9/13/2010 19:44,VR2W-110771,A69-1303-46863,,,,,JWS_Will_Rogers1,34.03082,-118.54152
9/13/2010 19:47,VR2W-110771,A69-1303-46863,,,,,JWS_Will_Rogers1,34.03082,-118.54152
9/13/2010 19:48,VR2W-110770,A69-1303-46862,,,,,JWS_Will_Rogers2,34.03679,-118.54838
9/13/2010 19:49,VR2W-110770,A69-1303-46862,,,,,JWS_Will_Rogers2,34.03679,-118.54838
9/13/2010 19:50,VR2W-110771,A69-1303-46863,,,,,JWS_Will_Rogers1,34.03082,-118.54152
9/13/2010 19:53,VR2W-110771,A69-1303-46863,,,,,JWS_Will_Rogers1,34.03082,-118.54152
9/13/2010 19:56,VR2W-110771,A69-1303-46863,,,,,JWS_Will_Rogers1,34.03082,-118.54152
9/13/2010 19:59,VR2W-110771,A69-1303-46863,,,,,JWS_Will_Rogers1,34.03082,-118.54152
9/13/2010 20:01,VR2W-110771,A69-1303-46863,,,,,JWS_Will_Rogers1,34.03082,-118.54152
9/13/2010 20:03,VR2W-110771,A69-1303-46863,,,,,JWS_Will_Rogers1,34.03082,-118.54152
9/13/2010 20:05,VR2W-110771,A69-1303-46863,,,,,JWS_Will_Rogers1,34.03082,-118.54152
9/13/2010 20:07,VR2W-110771,A69-1303-46863,,,,,JWS_Will_Rogers1,34.03082,-118.54152
9/13/2010 20:10,VR2W-110771,A69-1303-46863,,,,,JWS_Will_Rogers1,34.03082,-118.54152
9/13/2010 20:12,VR2W-110771,A69-1303-46863,,,,,JWS_Will_Rogers1,34.03082,-118.54152
9/13/2010 20:14,VR2W-110771,A69-1303-46863,,,,,JWS_Will_Rogers1,34.03082,-118.54152
9/13/2010 21:19,VR2W-110770,A69-1303-46862,,,,,JWS_Will_Rogers2,34.03679,-118.54838
9/14/2010 1:15,VR2W-110764,A69-1303-46862,,,,,JWS_Santa_Monica_Pier,34.00716,-118.49899
9/14/2010 1:18,VR2W-110764,A69-1303-46862,,,,,JWS_Santa_Monica_Pier,34.00716,-118.49899
9/14/2010 2:25,VR2W-110771,A69-1303-46863,,,,,JWS_Will_Rogers1,34.03082,-118.54152
9/14/2010 4:33,VR2W-110771,A69-1303-46863,,,,,JWS_Will_Rogers1,34.03082,-118.54152
9/14/2010 4:36,VR2W-110771,A69-1303-46863,,,,,JWS_Will_Rogers1,34.03082,-118.54152
9/14/2010 4:44,VR2W-110771,A69-1303-46863,,,,,JWS_Will_Rogers1,34.03082,-118.54152
9/14/2010 5:55,VR2W-110771,A69-1303-46863,,,,,JWS_Will_Rogers1,34.03082,-118.54152
9/14/2010 5:56,VR2W-110771,A69-1303-46863,,,,,JWS_Will_Rogers1,34.03082,-118.54152
9/14/2010 5:57,VR2W-110771,A69-1303-46863,,,,,JWS_Will_Rogers1,34.03082,-118.54152
9/14/2010 5:58,VR2W-110771,A69-1303-46863,,,,,JWS_Will_Rogers1,34.03082,-118.54152
9/14/2010 6:00,VR2W-110771,A69-1303-46863,,,,,JWS_Will_Rogers1,34.03082,-118.54152
9/14/2010 6:01,VR2W-110771,A69-1303-46863,,,,,JWS_Will_Rogers1,34.03082,-118.54152
9/14/2010 6:50,VR2W-110771,A69-1303-46863,,,,,JWS_Will_Rogers1,34.03082,-118.54152
9/14/2010 7:14,VR2W-110770,A69-1303-46863,,,,,JWS_Will_Rogers2,34.03679,-118.54838
9/14/2010 7:19,VR2W-110770,A69-1303-46863,,,,,JWS_Will_Rogers2,34.03679,-118.54838
9/14/2010 7:20,VR2W-110770,A69-1303-46863,,,,,JWS_Will_Rogers2,34.03679,-118.54838
9/14/2010 7:21,VR2W-110770,A69-1303-46863,,,,,JWS_Will_Rogers2,34.03679,-118.54838
9/14/2010 7:24,VR2W-110770,A69-1303-46863,,,,,JWS_Will_Rogers2,34.03679,-118.54838
9/14/2010 7:27,VR2W-110770,A69-1303-46863,,,,,JWS_Will_Rogers2,34.03679,-118.54838
9/14/2010 9:03,VR2W-110770,A69-1303-46863,,,,,JWS_Will_Rogers2,34.03679,-118.54838
9/14/2010 9:06,VR2W-110770,A69-1303-46862,,,,,JWS_Will_Rogers2,34.03679,-118.54838
9/14/2010 9:07,VR2W-110770,A69-1303-46863,,,,,JWS_Will_Rogers2,34.03679,-118.54838
9/14/2010 9:08,VR2W-110770,A69-1303-46862,,,,,JWS_Will_Rogers2,34.03679,-118.54838
9/14/2010 9:13,VR2W-110770,A69-1303-46863,,,,,JWS_Will_Rogers2,34.03679,-118.54838
9/14/2010 9:13,VR2W-110770,A69-1303-46862,,,,,JWS_Will_Rogers2,34.03679,-118.54838
9/14/2010 9:14,VR2W-110770,A69-1303-46863,,,,,JWS_Will_Rogers2,34.03679,-118.54838
9/14/2010 9:15,VR2W-110770,A69-1303-46863,,,,,JWS_Will_Rogers2,34.03679,-118.54838
9/14/2010 9:16,VR2W-110770,A69-1303-46863,,,,,JWS_Will_Rogers2,34.03679,-118.54838
9/14/2010 9:18,VR2W-110770,A69-1303-46863,,,,,JWS_Will_Rogers2,34.03679,-118.54838
9/14/2010 9:20,VR2W-110770,A69-1303-46863,,,,,JWS_Will_Rogers2,34.03679,-118.54838
9/14/2010 9:23,VR2W-110770,A69-1303-46863,,,,,JWS_Will_Rogers2,34.03679,-118.54838
9/14/2010 10:00,VR2W-110771,A69-1303-46863,,,,,JWS_Will_Rogers1,34.03082,-118.54152
9/14/2010 10:03,VR2W-110771,A69-1303-46863,,,,,JWS_Will_Rogers1,34.03082,-118.54152
9/14/2010 10:06,VR2W-110771,A69-1303-46863,,,,,JWS_Will_Rogers1,34.03082,-118.54152
9/14/2010 10:08,VR2W-110771,A69-1303-46863,,,,,JWS_Will_Rogers1,34.03082,-118.54152
9/14/2010 10:10,VR2W-110771,A69-1303-46863,,,,,JWS_Will_Rogers1,34.03082,-118.54152
9/14/2010 10:13,VR2W-110771,A69-1303-46863,,,,,JWS_Will_Rogers1,34.03082,-118.54152
9/14/2010 10:26,VR2W-110771,A69-1303-46863,,,,,JWS_Will_Rogers1,34.03082,-118.54152
9/14/2010 12:24,VR2W-110770,A69-1303-46863,,,,,JWS_Will_Rogers2,34.03679,-118.54838
9/14/2010 12:29,VR2W-110770,A69-1303-46863,,,,,JWS_Will_Rogers2,34.03679,-118.54838
9/14/2010 14:09,VR2W-110770,A69-1303-46863,,,,,JWS_Will_Rogers2,34.03679,-118.54838
9/14/2010 14:12,VR2W-110770,A69-1303-46863,,,,,JWS_Will_Rogers2,34.03679,-118.54838
9/14/2010 14:15,VR2W-110770,A69-1303-46863,,,,,JWS_Will_Rogers2,34.03679,-118.54838
9/14/2010 14:18,VR2W-110770,A69-1303-46863,,,,,JWS_Will_Rogers2,34.03679,-118.54838
9/14/2010 14:20,VR2W-110770,A69-1303-46863,,,,,JWS_Will_Rogers2,34.03679,-118.54838
9/14/2010 14:22,VR2W-110770,A69-1303-46863,,,,,JWS_Will_Rogers2,34.03679,-118.54838
9/14/2010 14:24,VR2W-110770,A69-1303-46863,,,,,JWS_Will_Rogers2,34.03679,-118.54838
9/14/2010 14:25,VR2W-110770,A69-1303-46863,,,,,JWS_Will_Rogers2,34.03679,-118.54838
9/14/2010 14:26,VR2W-110770,A69-1303-46863,,,,,JWS_Will_Rogers2,34.03679,-118.54838
9/14/2010 14:27,VR2W-110770,A69-1303-46863,,,,,JWS_Will_Rogers2,34.03679,-118.54838
9/14/2010 14:29,VR2W-110770,A69-1303-46863,,,,,JWS_Will_Rogers2,34.03679,-118.54838
9/14/2010 14:31,VR2W-110770,A69-1303-46862,,,,,JWS_Will_Rogers2,34.03679,-118.54838
9/14/2010 14:31,VR2W-110770,A69-1303-46863,,,,,JWS_Will_Rogers2,34.03679,-118.54838
9/14/2010 14:33,VR2W-110770,A69-1303-46863,,,,,JWS_Will_Rogers2,34.03679,-118.54838
9/14/2010 14:35,VR2W-110770,A69-1303-46863,,,,,JWS_Will_Rogers2,34.03679,-118.54838
9/14/2010 14:37,VR2W-110770,A69-1303-46863,,,,,JWS_Will_Rogers2,34.03679,-118.54838
9/14/2010 14:38,VR2W-110770,A69-1303-46862,,,,,JWS_Will_Rogers2,34.03679,-118.54838
9/14/2010 14:39,VR2W-110770,A69-1303-46863,,,,,JWS_Will_Rogers2,34.03679,-118.54838
9/14/2010 14:42,VR2W-110770,A69-1303-46862,,,,,JWS_Will_Rogers2,34.03679,-118.54838
9/14/2010 14:42,VR2W-110770,A69-1303-46863,,,,,JWS_Will_Rogers2,34.03679,-118.54838
9/14/2010 14:43,VR2W-110770,A69-1303-46862,,,,,JWS_Will_Rogers2,34.03679,-118.54838
9/14/2010 14:44,VR2W-110770,A69-1303-46862,,,,,JWS_Will_Rogers2,34.03679,-118.54838
9/14/2010 14:45,VR2W-110770,A69-1303-46863,,,,,JWS_Will_Rogers2,34.03679,-118.54838
9/14/2010 14:46,VR2W-110770,A69-1303-46862,,,,,JWS_Will_Rogers2,34.03679,-118.54838
9/14/2010 14:47,VR2W-110770,A69-1303-46863,,,,,JWS_Will_Rogers2,34.03679,-118.54838
9/14/2010 14:49,VR2W-110770,A69-1303-46862,,,,,JWS_Will_Rogers2,34.03679,-118.54838
9/14/2010 14:50,VR2W-110770,A69-1303-46863,,,,,JWS_Will_Rogers2,34.03679,-118.54838
9/14/2010 14:51,VR2W-110770,A69-1303-46863,,,,,JWS_Will_Rogers2,34.03679,-118.54838
9/14/2010 14:52,VR2W-110770,A69-1303-46862,,,,,JWS_Will_Rogers2,34.03679,-118.54838
9/14/2010 14:52,VR2W-110770,A69-1303-46863,,,,,JWS_Will_Rogers2,34.03679,-118.54838
9/14/2010 14:54,VR2W-110770,A69-1303-46862,,,,,JWS_Will_Rogers2,34.03679,-118.54838
9/14/2010 14:54,VR2W-110770,A69-1303-46863,,,,,JWS_Will_Rogers2,34.03679,-118.54838
9/14/2010 15:00,VR2W-110770,A69-1303-46863,,,,,JWS_Will_Rogers2,34.03679,-118.54838
9/14/2010 15:00,VR2W-110770,A69-1303-46862,,,,,JWS_Will_Rogers2,34.03679,-118.54838
9/14/2010 15:02,VR2W-110770,A69-1303-46863,,,,,JWS_Will_Rogers2,34.03679,-118.54838
9/14/2010 15:03,VR2W-110770,A69-1303-46862,,,,,JWS_Will_Rogers2,34.03679,-118.54838
9/14/2010 15:05,VR2W-110770,A69-1303-46863,,,,,JWS_Will_Rogers2,34.03679,-118.54838
9/14/2010 15:05,VR2W-110770,A69-1303-46862,,,,,JWS_Will_Rogers2,34.03679,-118.54838
9/14/2010 15:06,VR2W-110770,A69-1303-46862,,,,,JWS_Will_Rogers2,34.03679,-118.54838
9/14/2010 15:07,VR2W-110770,A69-1303-46863,,,,,JWS_Will_Rogers2,34.03679,-118.54838
9/14/2010 15:08,VR2W-110770,A69-1303-46862,,,,,JWS_Will_Rogers2,34.03679,-118.54838
9/14/2010 15:10,VR2W-110770,A69-1303-46863,,,,,JWS_Will_Rogers2,34.03679,-118.54838
9/14/2010 15:11,VR2W-110770,A69-1303-46862,,,,,JWS_Will_Rogers2,34.03679,-118.54838
9/14/2010 15:12,VR2W-110770,A69-1303-46863,,,,,JWS_Will_Rogers2,34.03679,-118.54838
9/14/2010 15:14,VR2W-110770,A69-1303-46862,,,,,JWS_Will_Rogers2,34.03679,-118.54838
9/14/2010 15:14,VR2W-110770,A69-1303-46863,,,,,JWS_Will_Rogers2,34.03679,-118.54838
9/14/2010 15:16,VR2W-110770,A69-1303-46862,,,,,JWS_Will_Rogers2,34.03679,-118.54838
9/14/2010 15:17,VR2W-110770,A69-1303-46862,,,,,JWS_Will_Rogers2,34.03679,-118.54838
9/14/2010 15:18,VR2W-110770,A69-1303-46863,,,,,JWS_Will_Rogers2,34.03679,-118.54838
9/14/2010 15:19,VR2W-110770,A69-1303-46862,,,,,JWS_Will_Rogers2,34.03679,-118.54838
9/14/2010 15:20,VR2W-110770,A69-1303-46863,,,,,JWS_Will_Rogers2,34.03679,-118.54838
9/14/2010 15:21,VR2W-110770,A69-1303-46862,,,,,JWS_Will_Rogers2,34.03679,-118.54838
9/14/2010 15:22,VR2W-110770,A69-1303-46863,,,,,JWS_Will_Rogers2,34.03679,-118.54838
9/14/2010 15:24,VR2W-110770,A69-1303-46862,,,,,JWS_Will_Rogers2,34.03679,-118.54838
9/14/2010 15:24,VR2W-110770,A69-1303-46863,,,,,JWS_Will_Rogers2,34.03679,-118.54838
9/14/2010 15:27,VR2W-110770,A69-1303-46863,,,,,JWS_Will_Rogers2,34.03679,-118.54838
9/14/2010 15:31,VR2W-110770,A69-1303-46863,,,,,JWS_Will_Rogers2,34.03679,-118.54838
9/14/2010 15:32,VR2W-110770,A69-1303-46862,,,,,JWS_Will_Rogers2,34.03679,-118.54838
9/14/2010 15:34,VR2W-110770,A69-1303-46863,,,,,JWS_Will_Rogers2,34.03679,-118.54838
9/14/2010 15:37,VR2W-110770,A69-1303-46863,,,,,JWS_Will_Rogers2,34.03679,-118.54838
9/14/2010 15:39,VR2W-110770,A69-1303-46863,,,,,JWS_Will_Rogers2,34.03679,-118.54838
9/14/2010 15:40,VR2W-110770,A69-1303-46863,,,,,JWS_Will_Rogers2,34.03679,-118.54838
9/14/2010 15:42,VR2W-110770,A69-1303-46863,,,,,JWS_Will_Rogers2,34.03679,-118.54838
9/14/2010 15:44,VR2W-110770,A69-1303-46863,,,,,JWS_Will_Rogers2,34.03679,-118.54838
9/14/2010 15:45,VR2W-110770,A69-1303-46863,,,,,JWS_Will_Rogers2,34.03679,-118.54838
9/14/2010 15:47,VR2W-110770,A69-1303-46863,,,,,JWS_Will_Rogers2,34.03679,-118.54838
9/14/2010 15:48,VR2W-110770,A69-1303-46863,,,,,JWS_Will_Rogers2,34.03679,-118.54838
9/14/2010 15:50,VR2W-110770,A69-1303-46863,,,,,JWS_Will_Rogers2,34.03679,-118.54838
9/14/2010 15:52,VR2W-110770,A69-1303-46863,,,,,JWS_Will_Rogers2,34.03679,-118.54838
9/14/2010 15:53,VR2W-110770,A69-1303-46863,,,,,JWS_Will_Rogers2,34.03679,-118.54838
9/14/2010 15:55,VR2W-110770,A69-1303-46863,,,,,JWS_Will_Rogers2,34.03679,-118.54838
9/14/2010 15:57,VR2W-110770,A69-1303-46863,,,,,JWS_Will_Rogers2,34.03679,-118.54838
9/14/2010 15:58,VR2W-110770,A69-1303-46863,,,,,JWS_Will_Rogers2,34.03679,-118.54838
9/14/2010 16:00,VR2W-110770,A69-1303-46863,,,,,JWS_Will_Rogers2,34.03679,-118.54838
9/14/2010 16:02,VR2W-110770,A69-1303-46863,,,,,JWS_Will_Rogers2,34.03679,-118.54838
9/14/2010 16:03,VR2W-110770,A69-1303-46863,,,,,JWS_Will_Rogers2,34.03679,-118.54838
9/14/2010 16:04,VR2W-110770,A69-1303-46863,,,,,JWS_Will_Rogers2,34.03679,-118.54838
9/14/2010 16:06,VR2W-110770,A69-1303-46863,,,,,JWS_Will_Rogers2,34.03679,-118.54838
9/14/2010 16:08,VR2W-110770,A69-1303-46863,,,,,JWS_Will_Rogers2,34.03679,-118.54838
9/14/2010 16:10,VR2W-110770,A69-1303-46863,,,,,JWS_Will_Rogers2,34.03679,-118.54838
9/14/2010 16:13,VR2W-110770,A69-1303-46863,,,,,JWS_Will_Rogers2,34.03679,-118.54838
9/14/2010 16:15,VR2W-110770,A69-1303-46863,,,,,JWS_Will_Rogers2,34.03679,-118.54838
9/14/2010 16:18,VR2W-110770,A69-1303-46863,,,,,JWS_Will_Rogers2,34.03679,-118.54838
9/14/2010 16:21,VR2W-110770,A69-1303-46863,,,,,JWS_Will_Rogers2,34.03679,-118.54838
9/14/2010 16:27,VR2W-110770,A69-1303-46863,,,,,JWS_Will_Rogers2,34.03679,-118.54838
9/14/2010 16:29,VR2W-110770,A69-1303-46863,,,,,JWS_Will_Rogers2,34.03679,-118.54838
9/14/2010 16:31,VR2W-110770,A69-1303-46863,,,,,JWS_Will_Rogers2,34.03679,-118.54838
9/14/2010 16:42,VR2W-110770,A69-1303-46863,,,,,JWS_Will_Rogers2,34.03679,-118.54838
9/14/2010 16:50,VR2W-110770,A69-1303-46863,,,,,JWS_Will_Rogers2,34.03679,-118.54838
9/14/2010 16:57,VR2W-110770,A69-1303-46863,,,,,JWS_Will_Rogers2,34.03679,-118.54838
9/14/2010 17:06,VR2W-110770,A69-1303-46863,,,,,JWS_Will_Rogers2,34.03679,-118.54838
9/14/2010 17:08,VR2W-110770,A69-1303-46863,,,,,JWS_Will_Rogers2,34.03679,-118.54838
9/14/2010 17:41,VR2W-110770,A69-1303-46863,,,,,JWS_Will_Rogers2,34.03679,-118.54838
9/14/2010 17:43,VR2W-110770,A69-1303-46863,,,,,JWS_Will_Rogers2,34.03679,-118.54838
9/14/2010 17:49,VR2W-110770,A69-1303-46863,,,,,JWS_Will_Rogers2,34.03679,-118.54838
9/14/2010 17:52,VR2W-110770,A69-1303-46863,,,,,JWS_Will_Rogers2,34.03679,-118.54838
9/14/2010 17:54,VR2W-110770,A69-1303-46863,,,,,JWS_Will_Rogers2,34.03679,-118.54838
9/14/2010 17:56,VR2W-110770,A69-1303-46863,,,,,JWS_Will_Rogers2,34.03679,-118.54838
9/14/2010 17:58,VR2W-110770,A69-1303-46863,,,,,JWS_Will_Rogers2,34.03679,-118.54838
9/14/2010 18:00,VR2W-110770,A69-1303-46863,,,,,JWS_Will_Rogers2,34.03679,-118.54838
9/14/2010 18:09,VR2W-110770,A69-1303-46863,,,,,JWS_Will_Rogers2,34.03679,-118.54838
9/14/2010 18:14,VR2W-110770,A69-1303-46863,,,,,JWS_Will_Rogers2,34.03679,-118.54838
9/14/2010 18:18,VR2W-110770,A69-1303-46863,,,,,JWS_Will_Rogers2,34.03679,-118.54838
9/14/2010 18:20,VR2W-110770,A69-1303-46863,,,,,JWS_Will_Rogers2,34.03679,-118.54838
9/14/2010 18:24,VR2W-110770,A69-1303-46863,,,,,JWS_Will_Rogers2,34.03679,-118.54838
9/14/2010 18:26,VR2W-110770,A69-1303-46863,,,,,JWS_Will_Rogers2,34.03679,-118.54838
9/14/2010 18:31,VR2W-110770,A69-1303-46863,,,,,JWS_Will_Rogers2,34.03679,-118.54838
9/14/2010 18:55,VR2W-110770,A69-1303-46863,,,,,JWS_Will_Rogers2,34.03679,-118.54838
9/14/2010 18:57,VR2W-110770,A69-1303-46863,,,,,JWS_Will_Rogers2,34.03679,-118.54838
9/14/2010 18:59,VR2W-110770,A69-1303-46863,,,,,JWS_Will_Rogers2,34.03679,-118.54838
9/14/2010 19:03,VR2W-110770,A69-1303-46863,,,,,JWS_Will_Rogers2,34.03679,-118.54838
9/14/2010 19:05,VR2W-110770,A69-1303-46863,,,,,JWS_Will_Rogers2,34.03679,-118.54838
9/14/2010 19:07,VR2W-110770,A69-1303-46863,,,,,JWS_Will_Rogers2,34.03679,-118.54838
9/14/2010 19:09,VR2W-110770,A69-1303-46863,,,,,JWS_Will_Rogers2,34.03679,-118.54838
9/14/2010 19:11,VR2W-110770,A69-1303-46863,,,,,JWS_Will_Rogers2,34.03679,-118.54838
9/14/2010 19:13,VR2W-110770,A69-1303-46863,,,,,JWS_Will_Rogers2,34.03679,-118.54838
9/14/2010 19:16,VR2W-110770,A69-1303-46863,,,,,JWS_Will_Rogers2,34.03679,-118.54838
9/14/2010 19:18,VR2W-110770,A69-1303-46863,,,,,JWS_Will_Rogers2,34.03679,-118.54838
9/14/2010 19:19,VR2W-110770,A69-1303-46863,,,,,JWS_Will_Rogers2,34.03679,-118.54838
9/14/2010 19:22,VR2W-110770,A69-1303-46863,,,,,JWS_Will_Rogers2,34.03679,-118.54838
9/14/2010 19:24,VR2W-110770,A69-1303-46863,,,,,JWS_Will_Rogers2,34.03679,-118.54838
9/14/2010 19:25,VR2W-110770,A69-1303-46863,,,,,JWS_Will_Rogers2,34.03679,-118.54838
9/14/2010 19:26,VR2W-110770,A69-1303-46863,,,,,JWS_Will_Rogers2,34.03679,-118.54838
9/14/2010 19:27,VR2W-110770,A69-1303-46863,,,,,JWS_Will_Rogers2,34.03679,-118.54838
9/14/2010 19:29,VR2W-110770,A69-1303-46863,,,,,JWS_Will_Rogers2,34.03679,-118.54838
9/14/2010 19:31,VR2W-110770,A69-1303-46863,,,,,JWS_Will_Rogers2,34.03679,-118.54838
9/14/2010 19:37,VR2W-110770,A69-1303-46863,,,,,JWS_Will_Rogers2,34.03679,-118.54838
9/14/2010 19:38,VR2W-110770,A69-1303-46863,,,,,JWS_Will_Rogers2,34.03679,-118.54838
9/14/2010 19:40,VR2W-110770,A69-1303-46863,,,,,JWS_Will_Rogers2,34.03679,-118.54838
9/14/2010 19:43,VR2W-110770,A69-1303-46863,,,,,JWS_Will_Rogers2,34.03679,-118.54838
9/14/2010 19:45,VR2W-110770,A69-1303-46863,,,,,JWS_Will_Rogers2,34.03679,-118.54838
9/14/2010 19:51,VR2W-110770,A69-1303-46863,,,,,JWS_Will_Rogers2,34.03679,-118.54838
9/14/2010 19:57,VR2W-110770,A69-1303-46863,,,,,JWS_Will_Rogers2,34.03679,-118.54838
9/14/2010 19:59,VR2W-110770,A69-1303-46863,,,,,JWS_Will_Rogers2,34.03679,-118.54838
9/14/2010 20:02,VR2W-110770,A69-1303-46863,,,,,JWS_Will_Rogers2,34.03679,-118.54838
9/14/2010 20:04,VR2W-110770,A69-1303-46863,,,,,JWS_Will_Rogers2,34.03679,-118.54838
9/14/2010 20:07,VR2W-110770,A69-1303-46863,,,,,JWS_Will_Rogers2,34.03679,-118.54838
9/14/2010 20:09,VR2W-110770,A69-1303-46863,,,,,JWS_Will_Rogers2,34.03679,-118.54838
9/14/2010 20:11,VR2W-110770,A69-1303-46863,,,,,JWS_Will_Rogers2,34.03679,-118.54838
9/14/2010 20:14,VR2W-110770,A69-1303-46863,,,,,JWS_Will_Rogers2,34.03679,-118.54838
9/14/2010 20:19,VR2W-110770,A69-1303-46863,,,,,JWS_Will_Rogers2,34.03679,-118.54838
9/14/2010 20:21,VR2W-110770,A69-1303-46863,,,,,JWS_Will_Rogers2,34.03679,-118.54838
9/14/2010 20:24,VR2W-110770,A69-1303-46863,,,,,JWS_Will_Rogers2,34.03679,-118.54838
9/14/2010 20:26,VR2W-110770,A69-1303-46863,,,,,JWS_Will_Rogers2,34.03679,-118.54838
9/14/2010 20:28,VR2W-110770,A69-1303-46863,,,,,JWS_Will_Rogers2,34.03679,-118.54838
9/14/2010 20:31,VR2W-110770,A69-1303-46863,,,,,JWS_Will_Rogers2,34.03679,-118.54838
9/14/2010 20:33,VR2W-110770,A69-1303-46863,,,,,JWS_Will_Rogers2,34.03679,-118.54838
9/14/2010 20:36,VR2W-110770,A69-1303-46863,,,,,JWS_Will_Rogers2,34.03679,-118.54838
9/14/2010 20:39,VR2W-110770,A69-1303-46863,,,,,JWS_Will_Rogers2,34.03679,-118.54838
9/14/2010 20:46,VR2W-110770,A69-1303-46863,,,,,JWS_Will_Rogers2,34.03679,-118.54838
9/14/2010 20:49,VR2W-110770,A69-1303-46863,,,,,JWS_Will_Rogers2,34.03679,-118.54838
9/14/2010 20:52,VR2W-110770,A69-1303-46863,,,,,JWS_Will_Rogers2,34.03679,-118.54838
9/14/2010 20:55,VR2W-110770,A69-1303-46863,,,,,JWS_Will_Rogers2,34.03679,-118.54838
9/14/2010 20:59,VR2W-110770,A69-1303-46863,,,,,JWS_Will_Rogers2,34.03679,-118.54838
9/14/2010 21:02,VR2W-110770,A69-1303-46863,,,,,JWS_Will_Rogers2,34.03679,-118.54838
9/14/2010 21:04,VR2W-110770,A69-1303-46863,,,,,JWS_Will_Rogers2,34.03679,-118.54838
9/14/2010 21:06,VR2W-110770,A69-1303-46863,,,,,JWS_Will_Rogers2,34.03679,-118.54838
9/14/2010 21:07,VR2W-110770,A69-1303-46863,,,,,JWS_Will_Rogers2,34.03679,-118.54838
9/14/2010 21:09,VR2W-110770,A69-1303-46863,,,,,JWS_Will_Rogers2,34.03679,-118.54838
9/14/2010 21:12,VR2W-110770,A69-1303-46863,,,,,JWS_Will_Rogers2,34.03679,-118.54838
9/14/2010 21:15,VR2W-110770,A69-1303-46863,,,,,JWS_Will_Rogers2,34.03679,-118.54838
9/14/2010 21:19,VR2W-110770,A69-1303-46863,,,,,JWS_Will_Rogers2,34.03679,-118.54838
9/14/2010 21:24,VR2W-110770,A69-1303-46863,,,,,JWS_Will_Rogers2,34.03679,-118.54838
9/14/2010 21:35,VR2W-110770,A69-1303-46863,,,,,JWS_Will_Rogers2,34.03679,-118.54838
9/14/2010 21:39,VR2W-110770,A69-1303-46863,,,,,JWS_Will_Rogers2,34.03679,-118.54838
9/14/2010 21:40,VR2W-110770,A69-1303-46863,,,,,JWS_Will_Rogers2,34.03679,-118.54838
9/14/2010 21:41,VR2W-110770,A69-1303-46863,,,,,JWS_Will_Rogers2,34.03679,-118.54838
9/14/2010 21:43,VR2W-110770,A69-1303-46863,,,,,JWS_Will_Rogers2,34.03679,-118.54838
9/14/2010 21:45,VR2W-110770,A69-1303-46863,,,,,JWS_Will_Rogers2,34.03679,-118.54838
9/14/2010 21:48,VR2W-110770,A69-1303-46863,,,,,JWS_Will_Rogers2,34.03679,-118.54838
9/14/2010 21:51,VR2W-110770,A69-1303-46863,,,,,JWS_Will_Rogers2,34.03679,-118.54838
9/14/2010 21:53,VR2W-110770,A69-1303-46863,,,,,JWS_Will_Rogers2,34.03679,-118.54838
9/14/2010 21:56,VR2W-110770,A69-1303-46863,,,,,JWS_Will_Rogers2,34.03679,-118.54838
9/14/2010 21:58,VR2W-110770,A69-1303-46863,,,,,JWS_Will_Rogers2,34.03679,-118.54838
9/14/2010 22:01,VR2W-110770,A69-1303-46863,,,,,JWS_Will_Rogers2,34.03679,-118.54838
9/14/2010 22:03,VR2W-110770,A69-1303-46863,,,,,JWS_Will_Rogers2,34.03679,-118.54838
9/14/2010 22:06,VR2W-110770,A69-1303-46863,,,,,JWS_Will_Rogers2,34.03679,-118.54838
9/14/2010 22:07,VR2W-110770,A69-1303-46863,,,,,JWS_Will_Rogers2,34.03679,-118.54838
9/14/2010 22:09,VR2W-110770,A69-1303-46863,,,,,JWS_Will_Rogers2,34.03679,-118.54838
9/14/2010 22:10,VR2W-110770,A69-1303-46863,,,,,JWS_Will_Rogers2,34.03679,-118.54838
9/14/2010 22:12,VR2W-110770,A69-1303-46863,,,,,JWS_Will_Rogers2,34.03679,-118.54838
9/14/2010 22:13,VR2W-110770,A69-1303-46863,,,,,JWS_Will_Rogers2,34.03679,-118.54838
9/14/2010 22:15,VR2W-110770,A69-1303-46863,,,,,JWS_Will_Rogers2,34.03679,-118.54838
9/14/2010 22:17,VR2W-110770,A69-1303-46863,,,,,JWS_Will_Rogers2,34.03679,-118.54838
9/14/2010 22:19,VR2W-110770,A69-1303-46863,,,,,JWS_Will_Rogers2,34.03679,-118.54838
9/14/2010 22:21,VR2W-110770,A69-1303-46863,,,,,JWS_Will_Rogers2,34.03679,-118.54838
9/14/2010 22:43,VR2W-110770,A69-1303-46863,,,,,JWS_Will_Rogers2,34.03679,-118.54838
9/14/2010 23:01,VR2W-110770,A69-1303-46863,,,,,JWS_Will_Rogers2,34.03679,-118.54838
9/14/2010 23:14,VR2W-110770,A69-1303-46863,,,,,JWS_Will_Rogers2,34.03679,-118.54838
9/14/2010 23:20,VR2W-110770,A69-1303-46863,,,,,JWS_Will_Rogers2,34.03679,-118.54838
9/14/2010 23:22,VR2W-110770,A69-1303-46863,,,,,JWS_Will_Rogers2,34.03679,-118.54838
9/14/2010 23:24,VR2W-110770,A69-1303-46863,,,,,JWS_Will_Rogers2,34.03679,-118.54838
9/14/2010 23:26,VR2W-110770,A69-1303-46863,,,,,JWS_Will_Rogers2,34.03679,-118.54838
9/14/2010 23:27,VR2W-110770,A69-1303-46863,,,,,JWS_Will_Rogers2,34.03679,-118.54838
9/14/2010 23:30,VR2W-110770,A69-1303-46863,,,,,JWS_Will_Rogers2,34.03679,-118.54838
9/14/2010 23:32,VR2W-110770,A69-1303-46863,,,,,JWS_Will_Rogers2,34.03679,-118.54838
9/14/2010 23:33,VR2W-110770,A69-1303-46863,,,,,JWS_Will_Rogers2,34.03679,-118.54838
9/14/2010 23:35,VR2W-110770,A69-1303-46863,,,,,JWS_Will_Rogers2,34.03679,-118.54838
9/14/2010 23:37,VR2W-110770,A69-1303-46863,,,,,JWS_Will_Rogers2,34.03679,-118.54838
9/14/2010 23:39,VR2W-110770,A69-1303-46863,,,,,JWS_Will_Rogers2,34.03679,-118.54838
9/14/2010 23:42,VR2W-110770,A69-1303-46863,,,,,JWS_Will_Rogers2,34.03679,-118.54838
9/14/2010 23:43,VR2W-110770,A69-1303-46863,,,,,JWS_Will_Rogers2,34.03679,-118.54838
9/14/2010 23:45,VR2W-110770,A69-1303-46863,,,,,JWS_Will_Rogers2,34.03679,-118.54838
9/14/2010 23:47,VR2W-110770,A69-1303-46863,,,,,JWS_Will_Rogers2,34.03679,-118.54838
9/14/2010 23:49,VR2W-110770,A69-1303-46863,,,,,JWS_Will_Rogers2,34.03679,-118.54838
9/14/2010 23:52,VR2W-110770,A69-1303-46863,,,,,JWS_Will_Rogers2,34.03679,-118.54838
9/14/2010 23:55,VR2W-110770,A69-1303-46863,,,,,JWS_Will_Rogers2,34.03679,-118.54838
9/14/2010 23:58,VR2W-110770,A69-1303-46863,,,,,JWS_Will_Rogers2,34.03679,-118.54838
9/15/2010 0:00,VR2W-110770,A69-1303-46863,,,,,JWS_Will_Rogers2,34.03679,-118.54838
9/15/2010 0:02,VR2W-110770,A69-1303-46863,,,,,JWS_Will_Rogers2,34.03679,-118.54838
9/15/2010 0:04,VR2W-110770,A69-1303-46863,,,,,JWS_Will_Rogers2,34.03679,-118.54838
9/15/2010 0:06,VR2W-110770,A69-1303-46863,,,,,JWS_Will_Rogers2,34.03679,-118.54838
9/15/2010 0:08,VR2W-110770,A69-1303-46863,,,,,JWS_Will_Rogers2,34.03679,-118.54838
9/15/2010 0:09,VR2W-110770,A69-1303-46863,,,,,JWS_Will_Rogers2,34.03679,-118.54838
9/15/2010 0:10,VR2W-110770,A69-1303-46863,,,,,JWS_Will_Rogers2,34.03679,-118.54838
9/15/2010 0:11,VR2W-110770,A69-1303-46863,,,,,JWS_Will_Rogers2,34.03679,-118.54838
9/15/2010 0:13,VR2W-110770,A69-1303-46863,,,,,JWS_Will_Rogers2,34.03679,-118.54838
9/15/2010 0:15,VR2W-110770,A69-1303-46863,,,,,JWS_Will_Rogers2,34.03679,-118.54838
9/15/2010 0:17,VR2W-110770,A69-1303-46863,,,,,JWS_Will_Rogers2,34.03679,-118.54838
9/15/2010 0:19,VR2W-110770,A69-1303-46863,,,,,JWS_Will_Rogers2,34.03679,-118.54838
9/15/2010 0:20,VR2W-110770,A69-1303-46863,,,,,JWS_Will_Rogers2,34.03679,-118.54838
9/15/2010 0:22,VR2W-110770,A69-1303-46863,,,,,JWS_Will_Rogers2,34.03679,-118.54838
9/15/2010 0:23,VR2W-110770,A69-1303-46863,,,,,JWS_Will_Rogers2,34.03679,-118.54838
9/15/2010 0:25,VR2W-110770,A69-1303-46863,,,,,JWS_Will_Rogers2,34.03679,-118.54838
9/15/2010 0:27,VR2W-110770,A69-1303-46863,,,,,JWS_Will_Rogers2,34.03679,-118.54838
9/15/2010 0:29,VR2W-110770,A69-1303-46863,,,,,JWS_Will_Rogers2,34.03679,-118.54838
9/15/2010 0:32,VR2W-110770,A69-1303-46863,,,,,JWS_Will_Rogers2,34.03679,-118.54838
9/15/2010 0:34,VR2W-110770,A69-1303-46863,,,,,JWS_Will_Rogers2,34.03679,-118.54838
9/15/2010 0:35,VR2W-110770,A69-1303-46863,,,,,JWS_Will_Rogers2,34.03679,-118.54838
9/15/2010 0:36,VR2W-110770,A69-1303-46863,,,,,JWS_Will_Rogers2,34.03679,-118.54838
9/15/2010 0:38,VR2W-110770,A69-1303-46863,,,,,JWS_Will_Rogers2,34.03679,-118.54838
9/15/2010 0:41,VR2W-110770,A69-1303-46863,,,,,JWS_Will_Rogers2,34.03679,-118.54838
9/15/2010 0:42,VR2W-110770,A69-1303-46863,,,,,JWS_Will_Rogers2,34.03679,-118.54838
9/15/2010 0:45,VR2W-110770,A69-1303-46863,,,,,JWS_Will_Rogers2,34.03679,-118.54838
9/15/2010 0:47,VR2W-110770,A69-1303-46863,,,,,JWS_Will_Rogers2,34.03679,-118.54838
9/15/2010 0:48,VR2W-110770,A69-1303-46863,,,,,JWS_Will_Rogers2,34.03679,-118.54838
9/15/2010 0:50,VR2W-110770,A69-1303-46863,,,,,JWS_Will_Rogers2,34.03679,-118.54838
9/15/2010 0:51,VR2W-110770,A69-1303-46863,,,,,JWS_Will_Rogers2,34.03679,-118.54838
9/15/2010 0:54,VR2W-110770,A69-1303-46863,,,,,JWS_Will_Rogers2,34.03679,-118.54838
9/15/2010 0:55,VR2W-110770,A69-1303-46863,,,,,JWS_Will_Rogers2,34.03679,-118.54838
9/15/2010 0:57,VR2W-110770,A69-1303-46863,,,,,JWS_Will_Rogers2,34.03679,-118.54838
9/15/2010 1:00,VR2W-110770,A69-1303-46863,,,,,JWS_Will_Rogers2,34.03679,-118.54838
9/15/2010 1:03,VR2W-110770,A69-1303-46863,,,,,JWS_Will_Rogers2,34.03679,-118.54838
9/15/2010 1:06,VR2W-110770,A69-1303-46863,,,,,JWS_Will_Rogers2,34.03679,-118.54838
9/15/2010 1:09,VR2W-110770,A69-1303-46863,,,,,JWS_Will_Rogers2,34.03679,-118.54838
9/15/2010 1:12,VR2W-110770,A69-1303-46863,,,,,JWS_Will_Rogers2,34.03679,-118.54838
9/15/2010 1:15,VR2W-110770,A69-1303-46863,,,,,JWS_Will_Rogers2,34.03679,-118.54838
9/15/2010 1:17,VR2W-110770,A69-1303-46863,,,,,JWS_Will_Rogers2,34.03679,-118.54838
9/15/2010 1:21,VR2W-110770,A69-1303-46863,,,,,JWS_Will_Rogers2,34.03679,-118.54838
9/15/2010 1:24,VR2W-110770,A69-1303-46863,,,,,JWS_Will_Rogers2,34.03679,-118.54838
9/15/2010 1:26,VR2W-110770,A69-1303-46863,,,,,JWS_Will_Rogers2,34.03679,-118.54838
9/15/2010 1:28,VR2W-110770,A69-1303-46863,,,,,JWS_Will_Rogers2,34.03679,-118.54838
9/15/2010 1:30,VR2W-110770,A69-1303-46863,,,,,JWS_Will_Rogers2,34.03679,-118.54838
9/15/2010 1:35,VR2W-110770,A69-1303-46863,,,,,JWS_Will_Rogers2,34.03679,-118.54838
9/15/2010 1:39,VR2W-110770,A69-1303-46863,,,,,JWS_Will_Rogers2,34.03679,-118.54838
9/15/2010 1:42,VR2W-110770,A69-1303-46863,,,,,JWS_Will_Rogers2,34.03679,-118.54838
9/15/2010 1:44,VR2W-110770,A69-1303-46863,,,,,JWS_Will_Rogers2,34.03679,-118.54838
9/15/2010 1:48,VR2W-110770,A69-1303-46863,,,,,JWS_Will_Rogers2,34.03679,-118.54838
9/15/2010 1:51,VR2W-110770,A69-1303-46863,,,,,JWS_Will_Rogers2,34.03679,-118.54838
9/15/2010 1:55,VR2W-110770,A69-1303-46863,,,,,JWS_Will_Rogers2,34.03679,-118.54838
9/15/2010 1:57,VR2W-110770,A69-1303-46863,,,,,JWS_Will_Rogers2,34.03679,-118.54838
9/15/2010 1:59,VR2W-110770,A69-1303-46863,,,,,JWS_Will_Rogers2,34.03679,-118.54838
9/15/2010 2:00,VR2W-110770,A69-1303-46863,,,,,JWS_Will_Rogers2,34.03679,-118.54838
9/15/2010 2:03,VR2W-110770,A69-1303-46863,,,,,JWS_Will_Rogers2,34.03679,-118.54838
9/15/2010 2:04,VR2W-110770,A69-1303-46863,,,,,JWS_Will_Rogers2,34.03679,-118.54838
9/15/2010 2:07,VR2W-110770,A69-1303-46863,,,,,JWS_Will_Rogers2,34.03679,-118.54838
9/15/2010 2:08,VR2W-110770,A69-1303-46863,,,,,JWS_Will_Rogers2,34.03679,-118.54838
9/15/2010 2:14,VR2W-110770,A69-1303-46863,,,,,JWS_Will_Rogers2,34.03679,-118.54838
9/15/2010 2:17,VR2W-110770,A69-1303-46863,,,,,JWS_Will_Rogers2,34.03679,-118.54838
9/15/2010 2:27,VR2W-110770,A69-1303-46863,,,,,JWS_Will_Rogers2,34.03679,-118.54838
9/15/2010 2:33,VR2W-110770,A69-1303-46863,,,,,JWS_Will_Rogers2,34.03679,-118.54838
9/15/2010 2:35,VR2W-110770,A69-1303-46863,,,,,JWS_Will_Rogers2,34.03679,-118.54838
9/15/2010 2:37,VR2W-110770,A69-1303-46863,,,,,JWS_Will_Rogers2,34.03679,-118.54838
9/15/2010 2:40,VR2W-110770,A69-1303-46863,,,,,JWS_Will_Rogers2,34.03679,-118.54838
9/15/2010 2:41,VR2W-110770,A69-1303-46863,,,,,JWS_Will_Rogers2,34.03679,-118.54838
9/15/2010 2:45,VR2W-110770,A69-1303-46863,,,,,JWS_Will_Rogers2,34.03679,-118.54838
9/15/2010 3:48,VR2W-110770,A69-1303-46862,,,,,JWS_Will_Rogers2,34.03679,-118.54838
9/15/2010 3:49,VR2W-110770,A69-1303-46862,,,,,JWS_Will_Rogers2,34.03679,-118.54838
9/15/2010 4:46,VR2W-110770,A69-1303-46863,,,,,JWS_Will_Rogers2,34.03679,-118.54838
9/15/2010 4:55,VR2W-110770,A69-1303-46863,,,,,JWS_Will_Rogers2,34.03679,-118.54838
9/15/2010 5:47,VR2W-110770,A69-1303-46863,,,,,JWS_Will_Rogers2,34.03679,-118.54838
9/15/2010 5:50,VR2W-110770,A69-1303-46863,,,,,JWS_Will_Rogers2,34.03679,-118.54838
9/15/2010 5:55,VR2W-110770,A69-1303-46863,,,,,JWS_Will_Rogers2,34.03679,-118.54838
9/15/2010 5:57,VR2W-110770,A69-1303-46863,,,,,JWS_Will_Rogers2,34.03679,-118.54838
9/15/2010 6:00,VR2W-110770,A69-1303-46863,,,,,JWS_Will_Rogers2,34.03679,-118.54838
9/15/2010 6:06,VR2W-110770,A69-1303-46863,,,,,JWS_Will_Rogers2,34.03679,-118.54838
9/15/2010 6:08,VR2W-110770,A69-1303-46863,,,,,JWS_Will_Rogers2,34.03679,-118.54838
9/15/2010 6:10,VR2W-110770,A69-1303-46863,,,,,JWS_Will_Rogers2,34.03679,-118.54838
9/15/2010 6:12,VR2W-110770,A69-1303-46863,,,,,JWS_Will_Rogers2,34.03679,-118.54838
9/15/2010 6:14,VR2W-110770,A69-1303-46863,,,,,JWS_Will_Rogers2,34.03679,-118.54838
9/15/2010 7:29,VR2W-110770,A69-1303-46862,,,,,JWS_Will_Rogers2,34.03679,-118.54838
9/15/2010 7:30,VR2W-110771,A69-1303-46863,,,,,JWS_Will_Rogers1,34.03082,-118.54152
9/15/2010 7:33,VR2W-110771,A69-1303-46863,,,,,JWS_Will_Rogers1,34.03082,-118.54152
9/15/2010 7:39,VR2W-110771,A69-1303-46863,,,,,JWS_Will_Rogers1,34.03082,-118.54152
9/15/2010 7:45,VR2W-110771,A69-1303-46863,,,,,JWS_Will_Rogers1,34.03082,-118.54152
9/15/2010 8:11,VR2W-110770,A69-1303-46862,,,,,JWS_Will_Rogers2,34.03679,-118.54838
9/15/2010 8:15,VR2W-110770,A69-1303-46862,,,,,JWS_Will_Rogers2,34.03679,-118.54838
9/15/2010 8:19,VR2W-110770,A69-1303-46862,,,,,JWS_Will_Rogers2,34.03679,-118.54838
9/15/2010 8:24,VR2W-110770,A69-1303-46862,,,,,JWS_Will_Rogers2,34.03679,-118.54838
9/15/2010 8:30,VR2W-110770,A69-1303-46862,,,,,JWS_Will_Rogers2,34.03679,-118.54838
9/15/2010 8:34,VR2W-110770,A69-1303-46862,,,,,JWS_Will_Rogers2,34.03679,-118.54838
9/15/2010 8:40,VR2W-110770,A69-1303-46862,,,,,JWS_Will_Rogers2,34.03679,-118.54838
9/15/2010 8:43,VR2W-110770,A69-1303-46862,,,,,JWS_Will_Rogers2,34.03679,-118.54838
9/15/2010 8:46,VR2W-110770,A69-1303-46862,,,,,JWS_Will_Rogers2,34.03679,-118.54838
9/15/2010 8:53,VR2W-110770,A69-1303-46862,,,,,JWS_Will_Rogers2,34.03679,-118.54838
9/15/2010 8:54,VR2W-110771,A69-1303-46863,,,,,JWS_Will_Rogers1,34.03082,-118.54152
9/15/2010 8:57,VR2W-110771,A69-1303-46863,,,,,JWS_Will_Rogers1,34.03082,-118.54152
9/15/2010 9:02,VR2W-110771,A69-1303-46863,,,,,JWS_Will_Rogers1,34.03082,-118.54152
9/15/2010 9:04,VR2W-110771,A69-1303-46863,,,,,JWS_Will_Rogers1,34.03082,-118.54152
9/15/2010 9:16,VR2W-110771,A69-1303-46863,,,,,JWS_Will_Rogers1,34.03082,-118.54152
9/15/2010 9:19,VR2W-110771,A69-1303-46863,,,,,JWS_Will_Rogers1,34.03082,-118.54152
9/15/2010 9:21,VR2W-110771,A69-1303-46863,,,,,JWS_Will_Rogers1,34.03082,-118.54152
9/15/2010 9:22,VR2W-110771,A69-1303-46863,,,,,JWS_Will_Rogers1,34.03082,-118.54152
9/15/2010 9:23,VR2W-110771,A69-1303-46863,,,,,JWS_Will_Rogers1,34.03082,-118.54152
9/15/2010 9:28,VR2W-110771,A69-1303-46863,,,,,JWS_Will_Rogers1,34.03082,-118.54152
9/15/2010 9:41,VR2W-110770,A69-1303-46862,,,,,JWS_Will_Rogers2,34.03679,-118.54838
9/15/2010 9:46,VR2W-110770,A69-1303-46862,,,,,JWS_Will_Rogers2,34.03679,-118.54838
9/15/2010 9:49,VR2W-110770,A69-1303-46862,,,,,JWS_Will_Rogers2,34.03679,-118.54838
9/15/2010 9:51,VR2W-110770,A69-1303-46862,,,,,JWS_Will_Rogers2,34.03679,-118.54838
9/15/2010 9:54,VR2W-110770,A69-1303-46862,,,,,JWS_Will_Rogers2,34.03679,-118.54838
9/15/2010 9:57,VR2W-110770,A69-1303-46862,,,,,JWS_Will_Rogers2,34.03679,-118.54838
9/15/2010 10:00,VR2W-110770,A69-1303-46862,,,,,JWS_Will_Rogers2,34.03679,-118.54838
9/15/2010 10:03,VR2W-110770,A69-1303-46862,,,,,JWS_Will_Rogers2,34.03679,-118.54838
9/15/2010 10:05,VR2W-110770,A69-1303-46862,,,,,JWS_Will_Rogers2,34.03679,-118.54838
9/15/2010 10:07,VR2W-110770,A69-1303-46862,,,,,JWS_Will_Rogers2,34.03679,-118.54838
9/15/2010 10:22,VR2W-110770,A69-1303-46862,,,,,JWS_Will_Rogers2,34.03679,-118.54838
9/15/2010 10:26,VR2W-110770,A69-1303-46862,,,,,JWS_Will_Rogers2,34.03679,-118.54838
9/15/2010 10:44,VR2W-110770,A69-1303-46863,,,,,JWS_Will_Rogers2,34.03679,-118.54838
9/15/2010 10:52,VR2W-110770,A69-1303-46863,,,,,JWS_Will_Rogers2,34.03679,-118.54838
9/15/2010 10:53,VR2W-110770,A69-1303-46862,,,,,JWS_Will_Rogers2,34.03679,-118.54838
9/15/2010 10:56,VR2W-110770,A69-1303-46863,,,,,JWS_Will_Rogers2,34.03679,-118.54838
9/15/2010 11:03,VR2W-110770,A69-1303-46863,,,,,JWS_Will_Rogers2,34.03679,-118.54838
9/15/2010 11:32,VR2W-110770,A69-1303-46862,,,,,JWS_Will_Rogers2,34.03679,-118.54838
9/15/2010 11:37,VR2W-110770,A69-1303-46862,,,,,JWS_Will_Rogers2,34.03679,-118.54838
9/15/2010 12:39,VR2W-110770,A69-1303-46862,,,,,JWS_Will_Rogers2,34.03679,-118.54838
9/15/2010 12:47,VR2W-110770,A69-1303-46863,,,,,JWS_Will_Rogers2,34.03679,-118.54838
9/15/2010 13:00,VR2W-110770,A69-1303-46863,,,,,JWS_Will_Rogers2,34.03679,-118.54838
9/15/2010 13:03,VR2W-110770,A69-1303-46863,,,,,JWS_Will_Rogers2,34.03679,-118.54838
9/15/2010 13:06,VR2W-110770,A69-1303-46863,,,,,JWS_Will_Rogers2,34.03679,-118.54838
9/15/2010 13:08,VR2W-110770,A69-1303-46863,,,,,JWS_Will_Rogers2,34.03679,-118.54838
9/15/2010 13:13,VR2W-110770,A69-1303-46863,,,,,JWS_Will_Rogers2,34.03679,-118.54838
9/15/2010 13:16,VR2W-110770,A69-1303-46863,,,,,JWS_Will_Rogers2,34.03679,-118.54838
9/15/2010 13:22,VR2W-110770,A69-1303-46863,,,,,JWS_Will_Rogers2,34.03679,-118.54838
9/15/2010 13:26,VR2W-110770,A69-1303-46862,,,,,JWS_Will_Rogers2,34.03679,-118.54838
9/15/2010 13:28,VR2W-110770,A69-1303-46863,,,,,JWS_Will_Rogers2,34.03679,-118.54838
9/15/2010 13:29,VR2W-110770,A69-1303-46862,,,,,JWS_Will_Rogers2,34.03679,-118.54838
9/15/2010 13:31,VR2W-110770,A69-1303-46862,,,,,JWS_Will_Rogers2,34.03679,-118.54838
9/15/2010 13:38,VR2W-110770,A69-1303-46863,,,,,JWS_Will_Rogers2,34.03679,-118.54838
9/15/2010 13:38,VR2W-110770,A69-1303-46862,,,,,JWS_Will_Rogers2,34.03679,-118.54838
9/15/2010 13:53,VR2W-110770,A69-1303-46862,,,,,JWS_Will_Rogers2,34.03679,-118.54838
9/15/2010 13:59,VR2W-110770,A69-1303-46862,,,,,JWS_Will_Rogers2,34.03679,-118.54838
9/15/2010 14:03,VR2W-110770,A69-1303-46862,,,,,JWS_Will_Rogers2,34.03679,-118.54838
9/15/2010 14:09,VR2W-110770,A69-1303-46862,,,,,JWS_Will_Rogers2,34.03679,-118.54838
9/15/2010 14:15,VR2W-110770,A69-1303-46862,,,,,JWS_Will_Rogers2,34.03679,-118.54838
9/15/2010 14:17,VR2W-110770,A69-1303-46862,,,,,JWS_Will_Rogers2,34.03679,-118.54838
9/15/2010 14:19,VR2W-110770,A69-1303-46862,,,,,JWS_Will_Rogers2,34.03679,-118.54838
9/15/2010 14:21,VR2W-110770,A69-1303-46862,,,,,JWS_Will_Rogers2,34.03679,-118.54838
9/15/2010 14:23,VR2W-110770,A69-1303-46862,,,,,JWS_Will_Rogers2,34.03679,-118.54838
9/15/2010 14:27,VR2W-110770,A69-1303-46862,,,,,JWS_Will_Rogers2,34.03679,-118.54838
9/15/2010 14:33,VR2W-110770,A69-1303-46862,,,,,JWS_Will_Rogers2,34.03679,-118.54838
9/15/2010 14:35,VR2W-110770,A69-1303-46862,,,,,JWS_Will_Rogers2,34.03679,-118.54838
9/15/2010 14:44,VR2W-110770,A69-1303-46862,,,,,JWS_Will_Rogers2,34.03679,-118.54838
9/15/2010 15:46,VR2W-110770,A69-1303-46862,,,,,JWS_Will_Rogers2,34.03679,-118.54838
9/15/2010 15:49,VR2W-110770,A69-1303-46862,,,,,JWS_Will_Rogers2,34.03679,-118.54838
9/15/2010 16:02,VR2W-110770,A69-1303-46862,,,,,JWS_Will_Rogers2,34.03679,-118.54838
9/15/2010 16:04,VR2W-110770,A69-1303-46862,,,,,JWS_Will_Rogers2,34.03679,-118.54838
9/15/2010 16:55,VR2W-110771,A69-1303-46863,,,,,JWS_Will_Rogers1,34.03082,-118.54152
9/15/2010 16:58,VR2W-110771,A69-1303-46863,,,,,JWS_Will_Rogers1,34.03082,-118.54152
9/15/2010 17:00,VR2W-110771,A69-1303-46863,,,,,JWS_Will_Rogers1,34.03082,-118.54152
9/15/2010 17:02,VR2W-110771,A69-1303-46863,,,,,JWS_Will_Rogers1,34.03082,-118.54152
9/15/2010 17:11,VR2W-110771,A69-1303-46863,,,,,JWS_Will_Rogers1,34.03082,-118.54152
9/15/2010 17:20,VR2W-110771,A69-1303-46863,,,,,JWS_Will_Rogers1,34.03082,-118.54152
9/15/2010 17:42,VR2W-110771,A69-1303-46863,,,,,JWS_Will_Rogers1,34.03082,-118.54152
9/15/2010 17:56,VR2W-110771,A69-1303-46863,,,,,JWS_Will_Rogers1,34.03082,-118.54152
9/15/2010 18:47,VR2W-110771,A69-1303-46863,,,,,JWS_Will_Rogers1,34.03082,-118.54152
9/15/2010 19:00,VR2W-110770,A69-1303-46863,,,,,JWS_Will_Rogers2,34.03679,-118.54838
9/15/2010 19:03,VR2W-110771,A69-1303-46863,,,,,JWS_Will_Rogers1,34.03082,-118.54152
9/15/2010 19:07,VR2W-110771,A69-1303-46863,,,,,JWS_Will_Rogers1,34.03082,-118.54152
9/15/2010 19:12,VR2W-110771,A69-1303-46863,,,,,JWS_Will_Rogers1,34.03082,-118.54152
9/15/2010 19:29,VR2W-110771,A69-1303-46863,,,,,JWS_Will_Rogers1,34.03082,-118.54152
9/15/2010 19:36,VR2W-110771,A69-1303-46863,,,,,JWS_Will_Rogers1,34.03082,-118.54152
9/15/2010 19:41,VR2W-110771,A69-1303-46863,,,,,JWS_Will_Rogers1,34.03082,-118.54152
9/15/2010 20:23,VR2W-110771,A69-1303-46863,,,,,JWS_Will_Rogers1,34.03082,-118.54152
9/15/2010 20:39,VR2W-110771,A69-1303-46863,,,,,JWS_Will_Rogers1,34.03082,-118.54152
9/15/2010 20:41,VR2W-110771,A69-1303-46863,,,,,JWS_Will_Rogers1,34.03082,-118.54152
9/15/2010 20:53,VR2W-110771,A69-1303-46863,,,,,JWS_Will_Rogers1,34.03082,-118.54152
9/15/2010 21:05,VR2W-110771,A69-1303-46863,,,,,JWS_Will_Rogers1,34.03082,-118.54152
9/15/2010 21:12,VR2W-110771,A69-1303-46863,,,,,JWS_Will_Rogers1,34.03082,-118.54152
9/15/2010 21:14,VR2W-110771,A69-1303-46863,,,,,JWS_Will_Rogers1,34.03082,-118.54152
9/15/2010 21:15,VR2W-110771,A69-1303-46863,,,,,JWS_Will_Rogers1,34.03082,-118.54152
9/15/2010 21:20,VR2W-110771,A69-1303-46863,,,,,JWS_Will_Rogers1,34.03082,-118.54152
9/15/2010 21:38,VR2W-110771,A69-1303-46863,,,,,JWS_Will_Rogers1,34.03082,-118.54152
9/15/2010 21:47,VR2W-110771,A69-1303-46863,,,,,JWS_Will_Rogers1,34.03082,-118.54152
9/16/2010 1:44,VR2W-110771,A69-1303-46863,,,,,JWS_Will_Rogers1,34.03082,-118.54152
9/16/2010 1:48,VR2W-110771,A69-1303-46863,,,,,JWS_Will_Rogers1,34.03082,-118.54152
9/16/2010 1:56,VR2W-110771,A69-1303-46863,,,,,JWS_Will_Rogers1,34.03082,-118.54152
9/16/2010 3:25,VR2W-110770,A69-1303-46863,,,,,JWS_Will_Rogers2,34.03679,-118.54838
9/16/2010 3:28,VR2W-110770,A69-1303-46863,,,,,JWS_Will_Rogers2,34.03679,-118.54838
9/16/2010 3:31,VR2W-110770,A69-1303-46863,,,,,JWS_Will_Rogers2,34.03679,-118.54838
9/16/2010 3:51,VR2W-110770,A69-1303-46863,,,,,JWS_Will_Rogers2,34.03679,-118.54838
9/16/2010 5:57,VR2W-110770,A69-1303-46863,,,,,JWS_Will_Rogers2,34.03679,-118.54838
9/16/2010 6:11,VR2W-110770,A69-1303-46863,,,,,JWS_Will_Rogers2,34.03679,-118.54838
9/16/2010 6:13,VR2W-110770,A69-1303-46863,,,,,JWS_Will_Rogers2,34.03679,-118.54838
9/16/2010 6:15,VR2W-110770,A69-1303-46863,,,,,JWS_Will_Rogers2,34.03679,-118.54838
9/16/2010 6:20,VR2W-110770,A69-1303-46863,,,,,JWS_Will_Rogers2,34.03679,-118.54838
9/16/2010 6:30,VR2W-110770,A69-1303-46863,,,,,JWS_Will_Rogers2,34.03679,-118.54838
9/16/2010 6:33,VR2W-110770,A69-1303-46863,,,,,JWS_Will_Rogers2,34.03679,-118.54838
9/16/2010 6:45,VR2W-110770,A69-1303-46863,,,,,JWS_Will_Rogers2,34.03679,-118.54838
9/16/2010 6:50,VR2W-110770,A69-1303-46863,,,,,JWS_Will_Rogers2,34.03679,-118.54838
9/16/2010 6:53,VR2W-110770,A69-1303-46863,,,,,JWS_Will_Rogers2,34.03679,-118.54838
9/16/2010 6:55,VR2W-110770,A69-1303-46863,,,,,JWS_Will_Rogers2,34.03679,-118.54838
9/16/2010 6:57,VR2W-110770,A69-1303-46863,,,,,JWS_Will_Rogers2,34.03679,-118.54838
9/16/2010 6:59,VR2W-110770,A69-1303-46863,,,,,JWS_Will_Rogers2,34.03679,-118.54838
9/16/2010 8:29,VR2W-110771,A69-1303-46863,,,,,JWS_Will_Rogers1,34.03082,-118.54152
9/16/2010 8:32,VR2W-110771,A69-1303-46863,,,,,JWS_Will_Rogers1,34.03082,-118.54152
9/16/2010 8:36,VR2W-110770,A69-1303-46862,,,,,JWS_Will_Rogers2,34.03679,-118.54838
9/16/2010 8:42,VR2W-110771,A69-1303-46863,,,,,JWS_Will_Rogers1,34.03082,-118.54152
9/16/2010 8:43,VR2W-110770,A69-1303-46862,,,,,JWS_Will_Rogers2,34.03679,-118.54838
9/16/2010 8:44,VR2W-110771,A69-1303-46863,,,,,JWS_Will_Rogers1,34.03082,-118.54152
9/16/2010 8:47,VR2W-110771,A69-1303-46863,,,,,JWS_Will_Rogers1,34.03082,-118.54152
9/16/2010 8:48,VR2W-110771,A69-1303-46863,,,,,JWS_Will_Rogers1,34.03082,-118.54152
9/16/2010 8:48,VR2W-110770,A69-1303-46862,,,,,JWS_Will_Rogers2,34.03679,-118.54838
9/16/2010 8:50,VR2W-110771,A69-1303-46863,,,,,JWS_Will_Rogers1,34.03082,-118.54152
9/16/2010 8:53,VR2W-110770,A69-1303-46862,,,,,JWS_Will_Rogers2,34.03679,-118.54838
9/16/2010 8:54,VR2W-110770,A69-1303-46862,,,,,JWS_Will_Rogers2,34.03679,-118.54838
9/16/2010 8:55,VR2W-110770,A69-1303-46862,,,,,JWS_Will_Rogers2,34.03679,-118.54838
9/16/2010 8:56,VR2W-110771,A69-1303-46863,,,,,JWS_Will_Rogers1,34.03082,-118.54152
9/16/2010 8:57,VR2W-110770,A69-1303-46862,,,,,JWS_Will_Rogers2,34.03679,-118.54838
9/16/2010 8:58,VR2W-110770,A69-1303-46862,,,,,JWS_Will_Rogers2,34.03679,-118.54838
9/16/2010 8:58,VR2W-110771,A69-1303-46863,,,,,JWS_Will_Rogers1,34.03082,-118.54152
9/16/2010 9:01,VR2W-110770,A69-1303-46862,,,,,JWS_Will_Rogers2,34.03679,-118.54838
9/16/2010 9:03,VR2W-110771,A69-1303-46863,,,,,JWS_Will_Rogers1,34.03082,-118.54152
9/16/2010 9:04,VR2W-110771,A69-1303-46863,,,,,JWS_Will_Rogers1,34.03082,-118.54152
9/16/2010 9:10,VR2W-110771,A69-1303-46863,,,,,JWS_Will_Rogers1,34.03082,-118.54152
9/16/2010 9:11,VR2W-110771,A69-1303-46863,,,,,JWS_Will_Rogers1,34.03082,-118.54152
9/16/2010 9:19,VR2W-110771,A69-1303-46863,,,,,JWS_Will_Rogers1,34.03082,-118.54152
9/16/2010 9:38,VR2W-110771,A69-1303-46863,,,,,JWS_Will_Rogers1,34.03082,-118.54152
9/16/2010 9:41,VR2W-110771,A69-1303-46863,,,,,JWS_Will_Rogers1,34.03082,-118.54152
9/16/2010 9:44,VR2W-110770,A69-1303-46862,,,,,JWS_Will_Rogers2,34.03679,-118.54838
9/16/2010 9:45,VR2W-110771,A69-1303-46863,,,,,JWS_Will_Rogers1,34.03082,-118.54152
9/16/2010 10:06,VR2W-110770,A69-1303-46862,,,,,JWS_Will_Rogers2,34.03679,-118.54838
9/16/2010 10:09,VR2W-110770,A69-1303-46862,,,,,JWS_Will_Rogers2,34.03679,-118.54838
9/16/2010 10:14,VR2W-110770,A69-1303-46862,,,,,JWS_Will_Rogers2,34.03679,-118.54838
9/16/2010 10:23,VR2W-110771,A69-1303-46863,,,,,JWS_Will_Rogers1,34.03082,-118.54152
9/16/2010 10:48,VR2W-110771,A69-1303-46863,,,,,JWS_Will_Rogers1,34.03082,-118.54152
9/16/2010 11:09,VR2W-110771,A69-1303-46863,,,,,JWS_Will_Rogers1,34.03082,-118.54152
9/16/2010 11:12,VR2W-110771,A69-1303-46863,,,,,JWS_Will_Rogers1,34.03082,-118.54152
9/16/2010 11:45,VR2W-110770,A69-1303-46863,,,,,JWS_Will_Rogers2,34.03679,-118.54838
9/16/2010 13:00,VR2W-110771,A69-1303-46863,,,,,JWS_Will_Rogers1,34.03082,-118.54152
9/16/2010 13:02,VR2W-110771,A69-1303-46863,,,,,JWS_Will_Rogers1,34.03082,-118.54152
9/16/2010 13:05,VR2W-110771,A69-1303-46863,,,,,JWS_Will_Rogers1,34.03082,-118.54152
9/16/2010 13:08,VR2W-110771,A69-1303-46863,,,,,JWS_Will_Rogers1,34.03082,-118.54152
9/16/2010 13:13,VR2W-110771,A69-1303-46863,,,,,JWS_Will_Rogers1,34.03082,-118.54152
9/16/2010 13:15,VR2W-110771,A69-1303-46863,,,,,JWS_Will_Rogers1,34.03082,-118.54152
9/16/2010 13:17,VR2W-110771,A69-1303-46863,,,,,JWS_Will_Rogers1,34.03082,-118.54152
9/16/2010 13:19,VR2W-110771,A69-1303-46863,,,,,JWS_Will_Rogers1,34.03082,-118.54152
9/16/2010 13:25,VR2W-110770,A69-1303-46862,,,,,JWS_Will_Rogers2,34.03679,-118.54838
9/16/2010 13:26,VR2W-110771,A69-1303-46863,,,,,JWS_Will_Rogers1,34.03082,-118.54152
9/16/2010 13:29,VR2W-110771,A69-1303-46863,,,,,JWS_Will_Rogers1,34.03082,-118.54152
9/16/2010 13:38,VR2W-110771,A69-1303-46863,,,,,JWS_Will_Rogers1,34.03082,-118.54152
9/16/2010 13:41,VR2W-110771,A69-1303-46863,,,,,JWS_Will_Rogers1,34.03082,-118.54152
9/16/2010 13:42,VR2W-110771,A69-1303-46863,,,,,JWS_Will_Rogers1,34.03082,-118.54152
9/16/2010 13:44,VR2W-110771,A69-1303-46863,,,,,JWS_Will_Rogers1,34.03082,-118.54152
9/16/2010 13:44,VR2W-110770,A69-1303-46862,,,,,JWS_Will_Rogers2,34.03679,-118.54838
9/16/2010 13:46,VR2W-110771,A69-1303-46863,,,,,JWS_Will_Rogers1,34.03082,-118.54152
9/16/2010 13:48,VR2W-110771,A69-1303-46863,,,,,JWS_Will_Rogers1,34.03082,-118.54152
9/16/2010 13:49,VR2W-110770,A69-1303-46862,,,,,JWS_Will_Rogers2,34.03679,-118.54838
9/16/2010 13:50,VR2W-110771,A69-1303-46863,,,,,JWS_Will_Rogers1,34.03082,-118.54152
9/16/2010 13:51,VR2W-110770,A69-1303-46862,,,,,JWS_Will_Rogers2,34.03679,-118.54838
9/16/2010 13:52,VR2W-110771,A69-1303-46863,,,,,JWS_Will_Rogers1,34.03082,-118.54152
9/16/2010 13:54,VR2W-110771,A69-1303-46863,,,,,JWS_Will_Rogers1,34.03082,-118.54152
9/16/2010 13:57,VR2W-110771,A69-1303-46863,,,,,JWS_Will_Rogers1,34.03082,-118.54152
9/16/2010 14:00,VR2W-110771,A69-1303-46863,,,,,JWS_Will_Rogers1,34.03082,-118.54152
9/16/2010 14:02,VR2W-110771,A69-1303-46863,,,,,JWS_Will_Rogers1,34.03082,-118.54152
9/16/2010 14:03,VR2W-110771,A69-1303-46863,,,,,JWS_Will_Rogers1,34.03082,-118.54152
9/16/2010 14:05,VR2W-110771,A69-1303-46863,,,,,JWS_Will_Rogers1,34.03082,-118.54152
9/16/2010 14:11,VR2W-110770,A69-1303-46862,,,,,JWS_Will_Rogers2,34.03679,-118.54838
9/16/2010 14:11,VR2W-110771,A69-1303-46863,,,,,JWS_Will_Rogers1,34.03082,-118.54152
9/16/2010 14:14,VR2W-110771,A69-1303-46863,,,,,JWS_Will_Rogers1,34.03082,-118.54152
9/16/2010 14:17,VR2W-110771,A69-1303-46863,,,,,JWS_Will_Rogers1,34.03082,-118.54152
9/16/2010 14:22,VR2W-110771,A69-1303-46863,,,,,JWS_Will_Rogers1,34.03082,-118.54152
9/16/2010 14:27,VR2W-110771,A69-1303-46863,,,,,JWS_Will_Rogers1,34.03082,-118.54152
9/16/2010 14:29,VR2W-110771,A69-1303-46863,,,,,JWS_Will_Rogers1,34.03082,-118.54152
